CONFIRMATION_ID,DEAL_ID,CONFIRMATION_MODE,SENT_DATE,COUNTERPARTY_RECEIVED_DATE,CONFIRMED_BY_ID,MATCH_STATUS,DISCREPANCY_NOTE
CNF-2025-0001,TD-2025-0001,SWIFT MT300,2025-01-02,2025-01-03,TS-020,Matched,
CNF-2025-0002,TD-2025-0002,SWIFT MT300,2025-01-02,2025-01-03,TS-016,Matched,
CNF-2025-0003,TD-2025-0003,SWIFT MT518,2025-01-03,2025-01-03,TS-015,Matched,
CNF-2025-0004,TD-2025-0004,SWIFT MT300,2025-01-02,2025-01-03,TS-020,Matched,
CNF-2025-0005,TD-2025-0005,SWIFT MT320,2025-01-02,2025-01-02,TS-015,Matched,
CNF-2025-0006,TD-2025-0006,SWIFT MT320,2025-01-02,2025-01-02,TS-016,Matched,
CNF-2025-0007,TD-2025-0007,SWIFT MT300,2025-01-02,2025-01-03,TS-015,Matched,
CNF-2025-0008,TD-2025-0008,SWIFT MT320,2025-01-03,2025-01-03,TS-015,Matched,
CNF-2025-0009,TD-2025-0009,SWIFT MT300,2025-01-06,2025-01-06,TS-015,Matched,
CNF-2025-0010,TD-2025-0010,SWIFT MT300,2025-01-03,2025-01-03,TS-015,Matched,
CNF-2025-0011,TD-2025-0011,SWIFT MT300,2025-01-03,2025-01-03,TS-015,Matched,
CNF-2025-0012,TD-2025-0012,SWIFT MT320,2025-01-06,2025-01-06,TS-015,Matched,
CNF-2025-0013,TD-2025-0013,SWIFT MT300,2025-01-03,2025-01-06,TS-020,Matched,
CNF-2025-0014,TD-2025-0014,SWIFT MT300,2025-01-03,2025-01-03,TS-015,Matched,
CNF-2025-0015,TD-2025-0015,SWIFT MT300,2025-01-03,2025-01-03,TS-020,Matched,
CNF-2025-0016,TD-2025-0016,SWIFT MT300,2025-01-06,2025-01-06,TS-016,Matched,
CNF-2025-0017,TD-2025-0017,SWIFT MT300,2025-01-06,2025-01-07,TS-016,Matched,
CNF-2025-0018,TD-2025-0018,SWIFT MT300,2025-01-07,2025-01-07,TS-016,Matched,
CNF-2025-0019,TD-2025-0019,SWIFT MT518,2025-01-07,2025-01-07,TS-016,Matched,
CNF-2025-0020,TD-2025-0020,SWIFT MT300,2025-01-06,2025-01-06,TS-016,Matched,
CNF-2025-0021,TD-2025-0021,SWIFT MT320,2025-01-07,2025-01-07,TS-015,Matched,
CNF-2025-0022,TD-2025-0022,SWIFT MT320,2025-01-07,2025-01-07,TS-020,Matched,
CNF-2025-0023,TD-2025-0023,SWIFT MT518,2025-01-07,2025-01-08,TS-020,Matched,
CNF-2025-0024,TD-2025-0024,SWIFT MT518,2025-01-07,2025-01-07,TS-020,Matched,
CNF-2025-0025,TD-2025-0025,SWIFT MT300,2025-01-07,2025-01-08,TS-015,Matched,
CNF-2025-0026,TD-2025-0026,SWIFT MT300,2025-01-07,2025-01-07,TS-016,Matched,
CNF-2025-0027,TD-2025-0027,SWIFT MT300,2025-01-07,2025-01-08,TS-016,Matched,
CNF-2025-0028,TD-2025-0028,SWIFT MT320,2025-01-08,2025-01-08,TS-016,Matched,
CNF-2025-0029,TD-2025-0029,SWIFT MT518,2025-01-07,2025-01-08,TS-015,Matched,
CNF-2025-0030,TD-2025-0030,SWIFT MT320,2025-01-08,2025-01-08,TS-020,Matched,
CNF-2025-0031,TD-2025-0031,SWIFT MT300,2025-01-07,2025-01-08,TS-020,Matched,
CNF-2025-0032,TD-2025-0032,SWIFT MT300,2025-01-07,2025-01-07,TS-016,Matched,
CNF-2025-0033,TD-2025-0033,SWIFT MT300,2025-01-08,2025-01-09,TS-020,Matched,
CNF-2025-0034,TD-2025-0034,SWIFT MT518,2025-01-07,2025-01-08,TS-015,Matched,
CNF-2025-0035,TD-2025-0035,SWIFT MT320,2025-01-08,2025-01-08,TS-016,Matched,
CNF-2025-0036,TD-2025-0036,SWIFT MT300,2025-01-08,2025-01-09,TS-020,Matched,
CNF-2025-0037,TD-2025-0037,SWIFT MT300,2025-01-08,2025-01-09,TS-020,Matched,
CNF-2025-0038,TD-2025-0038,SWIFT MT320,2025-01-08,2025-01-08,TS-016,Matched,
CNF-2025-0039,TD-2025-0039,SWIFT MT518,2025-01-08,2025-01-08,TS-015,Matched,
CNF-2025-0040,TD-2025-0040,SWIFT MT518,2025-01-08,2025-01-08,TS-015,Matched,
CNF-2025-0041,TD-2025-0041,SWIFT MT300,2025-01-08,2025-01-09,TS-020,Matched,
CNF-2025-0042,TD-2025-0042,SWIFT MT300,2025-01-09,2025-01-09,TS-016,Matched,
CNF-2025-0043,TD-2025-0043,SWIFT MT300,2025-01-09,2025-01-10,TS-020,Matched,
CNF-2025-0044,TD-2025-0044,SWIFT MT320,2025-01-09,2025-01-10,TS-020,Matched,
CNF-2025-0045,TD-2025-0045,SWIFT MT518,2025-01-09,2025-01-09,TS-016,Matched,
CNF-2025-0046,TD-2025-0046,SWIFT MT300,2025-01-09,2025-01-09,TS-020,Matched,
CNF-2025-0047,TD-2025-0047,SWIFT MT300,2025-01-09,2025-01-09,TS-016,Matched,
CNF-2025-0048,TD-2025-0048,SWIFT MT320,2025-01-09,2025-01-10,TS-020,Matched,
CNF-2025-0049,TD-2025-0049,SWIFT MT300,2025-01-09,2025-01-10,TS-020,Matched,
CNF-2025-0050,TD-2025-0050,SWIFT MT300,2025-01-10,2025-01-10,TS-015,Matched,
CNF-2025-0051,TD-2025-0051,SWIFT MT320,2025-01-10,2025-01-13,TS-016,Matched,
CNF-2025-0052,TD-2025-0052,SWIFT MT300,2025-01-10,2025-01-13,TS-020,Matched,
CNF-2025-0053,TD-2025-0053,SWIFT MT300,2025-01-10,2025-01-10,TS-016,Matched,
CNF-2025-0054,TD-2025-0054,SWIFT MT300,2025-01-10,2025-01-13,TS-015,Matched,
CNF-2025-0055,TD-2025-0055,SWIFT MT300,2025-01-10,2025-01-13,TS-020,Matched,
CNF-2025-0056,TD-2025-0056,SWIFT MT518,2025-01-14,2025-01-14,TS-016,Matched,
CNF-2025-0057,TD-2025-0057,SWIFT MT300,2025-01-13,2025-01-14,TS-016,Matched,
CNF-2025-0058,TD-2025-0058,SWIFT MT300,2025-01-14,2025-01-14,TS-016,Matched,
CNF-2025-0059,TD-2025-0059,SWIFT MT320,2025-01-13,2025-01-13,TS-020,Matched,
CNF-2025-0060,TD-2025-0060,SWIFT MT300,2025-01-13,2025-01-14,TS-016,Matched,
CNF-2025-0061,TD-2025-0061,SWIFT MT300,2025-01-13,2025-01-14,TS-016,Matched,
CNF-2025-0062,TD-2025-0062,SWIFT MT300,2025-01-13,2025-01-14,TS-016,Matched,
CNF-2025-0063,TD-2025-0063,SWIFT MT300,2025-01-14,2025-01-14,TS-015,Matched,
CNF-2025-0064,TD-2025-0064,SWIFT MT300,2025-01-14,2025-01-14,TS-020,Matched,
CNF-2025-0065,TD-2025-0065,SWIFT MT300,2025-01-14,2025-01-14,TS-020,Matched,
CNF-2025-0066,TD-2025-0066,SWIFT MT320,2025-01-14,2025-01-14,TS-015,Matched,
CNF-2025-0067,TD-2025-0067,SWIFT MT320,2025-01-14,2025-01-14,TS-015,Matched,
CNF-2025-0068,TD-2025-0068,SWIFT MT300,2025-01-15,2025-01-15,TS-015,Matched,
CNF-2025-0069,TD-2025-0069,SWIFT MT300,2025-01-15,2025-01-15,TS-016,Matched,
CNF-2025-0070,TD-2025-0070,SWIFT MT518,2025-01-16,2025-01-16,TS-015,Matched,
CNF-2025-0071,TD-2025-0071,SWIFT MT300,2025-01-16,2025-01-16,TS-020,Matched,
CNF-2025-0072,TD-2025-0072,SWIFT MT300,2025-01-17,2025-01-20,TS-015,Cancelled,
CNF-2025-0073,TD-2025-0073,SWIFT MT320,2025-01-16,2025-01-16,TS-020,Cancelled,
CNF-2025-0074,TD-2025-0074,SWIFT MT300,2025-01-16,2025-01-17,TS-020,Cancelled,
CNF-2025-0075,TD-2025-0075,SWIFT MT320,2025-01-16,2025-01-16,TS-015,Cancelled,
CNF-2025-0076,TD-2025-0076,SWIFT MT300,2025-01-16,2025-01-17,TS-020,Cancelled,
CNF-2025-0077,TD-2025-0077,SWIFT MT300,2025-01-16,2025-01-16,TS-016,Cancelled,
CNF-2025-0078,TD-2025-0078,SWIFT MT300,2025-01-16,2025-01-16,TS-015,Matched,
CNF-2025-0079,TD-2025-0079,SWIFT MT320,2025-01-17,2025-01-17,TS-015,Matched,
CNF-2025-0080,TD-2025-0080,SWIFT MT300,2025-01-17,2025-01-17,TS-015,Matched,
CNF-2025-0081,TD-2025-0081,SWIFT MT320,2025-01-17,2025-01-20,TS-015,Matched,
CNF-2025-0082,TD-2025-0082,SWIFT MT300,2025-01-17,2025-01-20,TS-016,Matched,
CNF-2025-0083,TD-2025-0083,SWIFT MT300,2025-01-17,2025-01-17,TS-015,Matched,
CNF-2025-0084,TD-2025-0084,SWIFT MT300,2025-01-17,2025-01-20,TS-020,Matched,
CNF-2025-0085,TD-2025-0085,SWIFT MT320,2025-01-17,2025-01-17,TS-016,Matched,
CNF-2025-0086,TD-2025-0086,SWIFT MT320,2025-01-20,2025-01-20,TS-020,Matched,
CNF-2025-0087,TD-2025-0087,SWIFT MT320,2025-01-20,2025-01-21,TS-015,Matched,
CNF-2025-0088,TD-2025-0088,SWIFT MT300,2025-01-21,2025-01-22,TS-016,Matched,
CNF-2025-0089,TD-2025-0089,SWIFT MT300,2025-01-20,2025-01-20,TS-020,Matched,
CNF-2025-0090,TD-2025-0090,SWIFT MT300,2025-01-20,2025-01-20,TS-020,Matched,
CNF-2025-0091,TD-2025-0091,SWIFT MT300,2025-01-20,2025-01-20,TS-015,Matched,
CNF-2025-0092,TD-2025-0092,SWIFT MT300,2025-01-21,2025-01-22,TS-015,Matched,
CNF-2025-0093,TD-2025-0093,SWIFT MT320,2025-01-20,2025-01-20,TS-016,Matched,
CNF-2025-0094,TD-2025-0094,SWIFT MT300,2025-01-21,2025-01-21,TS-016,Matched,
CNF-2025-0095,TD-2025-0095,SWIFT MT300,2025-01-21,2025-01-21,TS-015,Matched,
CNF-2025-0096,TD-2025-0096,SWIFT MT300,2025-01-21,2025-01-22,TS-015,Matched,
CNF-2025-0097,TD-2025-0097,SWIFT MT320,2025-01-22,2025-01-22,TS-020,Matched,
CNF-2025-0098,TD-2025-0098,SWIFT MT300,2025-01-21,2025-01-22,TS-016,Matched,
CNF-2025-0099,TD-2025-0099,SWIFT MT300,2025-01-24,2025-01-27,TS-020,Matched,
CNF-2025-0100,TD-2025-0100,SWIFT MT300,2025-01-21,2025-01-21,TS-020,Matched,
CNF-2025-0101,TD-2025-0101,SWIFT MT518,2025-01-21,2025-01-22,TS-016,Matched,
CNF-2025-0102,TD-2025-0102,SWIFT MT300,2025-01-22,2025-01-23,TS-015,Matched,
CNF-2025-0103,TD-2025-0103,SWIFT MT300,2025-01-23,2025-01-24,TS-016,Matched,
CNF-2025-0104,TD-2025-0104,SWIFT MT300,2025-01-28,2025-01-29,TS-016,Matched,
CNF-2025-0105,TD-2025-0105,SWIFT MT300,2025-01-22,2025-01-23,TS-020,Matched,
CNF-2025-0106,TD-2025-0106,SWIFT MT300,2025-01-22,2025-01-23,TS-015,Matched,
CNF-2025-0107,TD-2025-0107,SWIFT MT300,2025-01-22,2025-01-23,TS-020,Matched,
CNF-2025-0108,TD-2025-0108,SWIFT MT300,2025-01-22,2025-01-22,TS-015,Matched,
CNF-2025-0109,TD-2025-0109,SWIFT MT300,2025-01-22,2025-01-22,TS-015,Matched,
CNF-2025-0110,TD-2025-0110,SWIFT MT300,2025-01-30,2025-01-31,TS-020,Matched,
CNF-2025-0111,TD-2025-0111,SWIFT MT300,2025-01-23,2025-01-24,TS-016,Matched,
CNF-2025-0112,TD-2025-0112,SWIFT MT300,2025-01-23,2025-01-23,TS-020,Matched,
CNF-2025-0113,TD-2025-0113,SWIFT MT320,2025-01-23,2025-01-23,TS-015,Matched,
CNF-2025-0114,TD-2025-0114,SWIFT MT320,2025-01-23,2025-01-23,TS-015,Matched,
CNF-2025-0115,TD-2025-0115,SWIFT MT320,2025-01-23,2025-01-24,TS-020,Matched,
CNF-2025-0116,TD-2025-0116,SWIFT MT300,2025-01-23,2025-01-24,TS-016,Matched,
CNF-2025-0117,TD-2025-0117,SWIFT MT300,2025-01-23,2025-01-23,TS-020,Matched,
CNF-2025-0118,TD-2025-0118,SWIFT MT300,2025-01-30,2025-01-31,TS-015,Matched,
CNF-2025-0119,TD-2025-0119,SWIFT MT300,2025-01-23,2025-01-23,TS-020,Matched,
CNF-2025-0120,TD-2025-0120,SWIFT MT300,2025-01-27,2025-01-28,TS-020,Matched,
CNF-2025-0121,TD-2025-0121,SWIFT MT320,2025-01-24,2025-01-24,TS-016,Matched,
CNF-2025-0122,TD-2025-0122,SWIFT MT300,2025-01-24,2025-01-27,TS-016,Matched,
CNF-2025-0123,TD-2025-0123,SWIFT MT300,2025-01-24,2025-01-27,TS-016,Matched,
CNF-2025-0124,TD-2025-0124,SWIFT MT320,2025-01-24,2025-01-24,TS-016,Matched,
CNF-2025-0125,TD-2025-0125,SWIFT MT300,2025-01-24,2025-01-24,TS-015,Matched,
CNF-2025-0126,TD-2025-0126,SWIFT MT300,2025-01-24,2025-01-24,TS-016,Matched,
CNF-2025-0127,TD-2025-0127,SWIFT MT518,2025-01-27,2025-01-27,TS-020,Matched,
CNF-2025-0128,TD-2025-0128,SWIFT MT300,2025-01-27,2025-01-28,TS-016,Matched,
CNF-2025-0129,TD-2025-0129,SWIFT MT300,2025-01-27,2025-01-27,TS-020,Matched,
CNF-2025-0130,TD-2025-0130,SWIFT MT300,2025-01-27,2025-01-27,TS-020,Matched,
CNF-2025-0131,TD-2025-0131,SWIFT MT300,2025-01-27,2025-01-28,TS-016,Matched,
CNF-2025-0132,TD-2025-0132,SWIFT MT300,2025-01-27,2025-01-27,TS-016,Matched,
CNF-2025-0133,TD-2025-0133,SWIFT MT300,2025-01-27,2025-01-27,TS-016,Matched,
CNF-2025-0134,TD-2025-0134,SWIFT MT300,2025-01-27,2025-01-28,TS-020,Matched,
CNF-2025-0135,TD-2025-0135,SWIFT MT300,2025-01-27,2025-01-28,TS-016,Matched,
CNF-2025-0136,TD-2025-0136,SWIFT MT300,2025-01-29,2025-01-29,TS-015,Matched,
CNF-2025-0137,TD-2025-0137,SWIFT MT320,2025-01-28,2025-01-28,TS-020,Matched,
CNF-2025-0138,TD-2025-0138,SWIFT MT320,2025-01-28,2025-01-28,TS-016,Matched,
CNF-2025-0139,TD-2025-0139,SWIFT MT320,2025-01-28,2025-01-28,TS-020,Matched,
CNF-2025-0140,TD-2025-0140,SWIFT MT300,2025-01-28,2025-01-28,TS-016,Matched,
CNF-2025-0141,TD-2025-0141,SWIFT MT320,2025-01-28,2025-01-28,TS-016,Matched,
CNF-2025-0142,TD-2025-0142,SWIFT MT320,2025-01-29,2025-01-30,TS-020,Matched,
CNF-2025-0143,TD-2025-0143,SWIFT MT300,2025-01-30,2025-01-31,TS-020,Matched,
CNF-2025-0144,TD-2025-0144,SWIFT MT320,2025-01-29,2025-01-29,TS-015,Matched,
CNF-2025-0145,TD-2025-0145,SWIFT MT300,2025-01-29,2025-01-29,TS-020,Matched,
CNF-2025-0146,TD-2025-0146,SWIFT MT300,2025-01-29,2025-01-29,TS-015,Matched,
CNF-2025-0147,TD-2025-0147,SWIFT MT300,2025-01-29,2025-01-29,TS-020,Matched,
CNF-2025-0148,TD-2025-0148,SWIFT MT320,2025-01-30,2025-01-29,TS-016,Matched,
CNF-2025-0149,TD-2025-0149,SWIFT MT300,2025-01-29,2025-01-29,TS-020,Matched,
CNF-2025-0150,TD-2025-0150,SWIFT MT300,2025-01-29,2025-01-29,TS-016,Matched,
CNF-2025-0151,TD-2025-0151,SWIFT MT320,2025-01-30,2025-01-30,TS-015,Matched,
CNF-2025-0152,TD-2025-0152,SWIFT MT300,2025-01-30,2025-01-30,TS-020,Matched,
CNF-2025-0153,TD-2025-0153,SWIFT MT300,2025-01-30,2025-01-30,TS-016,Matched,
CNF-2025-0154,TD-2025-0154,SWIFT MT518,2025-01-30,2025-01-30,TS-016,Matched,
CNF-2025-0155,TD-2025-0155,SWIFT MT300,2025-01-30,2025-01-31,TS-016,Matched,
CNF-2025-0156,TD-2025-0156,SWIFT MT518,2025-01-30,2025-01-30,TS-015,Matched,
CNF-2025-0157,TD-2025-0157,SWIFT MT300,2025-01-30,2025-01-30,TS-020,Matched,
CNF-2025-0158,TD-2025-0158,SWIFT MT300,2025-01-30,2025-01-31,TS-020,Matched,
CNF-2025-0159,TD-2025-0159,SWIFT MT320,2025-01-31,2025-01-31,TS-016,Matched,
CNF-2025-0160,TD-2025-0160,SWIFT MT300,2025-01-31,2025-01-31,TS-020,Matched,
CNF-2025-0161,TD-2025-0161,SWIFT MT300,2025-02-03,2025-02-04,TS-016,Matched,
CNF-2025-0162,TD-2025-0162,SWIFT MT320,2025-01-31,2025-02-03,TS-016,Matched,
CNF-2025-0163,TD-2025-0163,SWIFT MT300,2025-01-31,2025-01-31,TS-020,Matched,
CNF-2025-0164,TD-2025-0164,SWIFT MT300,2025-02-03,2025-02-04,TS-015,Matched,
CNF-2025-0165,TD-2025-0165,SWIFT MT300,2025-02-03,2025-02-03,TS-020,Matched,
CNF-2025-0166,TD-2025-0166,SWIFT MT300,2025-02-03,2025-02-04,TS-020,Matched,
CNF-2025-0167,TD-2025-0167,SWIFT MT320,2025-02-03,2025-02-03,TS-006,Matched,
CNF-2025-0168,TD-2025-0168,SWIFT MT320,2025-02-03,2025-02-04,TS-007,Matched,
CNF-2025-0169,TD-2025-0169,SWIFT MT320,2025-02-03,2025-02-04,TS-016,Matched,
CNF-2025-0170,TD-2025-0170,SWIFT MT320,2025-02-04,2025-02-04,TS-015,Matched,
CNF-2025-0171,TD-2025-0171,SWIFT MT300,2025-02-04,2025-02-06,TS-015,Matched,
CNF-2025-0172,TD-2025-0172,SWIFT MT300,2025-02-06,2025-02-06,TS-016,Matched,
CNF-2025-0173,TD-2025-0173,SWIFT MT300,2025-02-04,2025-02-06,TS-020,Matched,
CNF-2025-0174,TD-2025-0174,SWIFT MT300,2025-02-04,2025-02-06,TS-020,Matched,
CNF-2025-0175,TD-2025-0175,SWIFT MT300,2025-02-06,2025-02-06,TS-016,Matched,
CNF-2025-0176,TD-2025-0176,SWIFT MT300,2025-02-04,2025-02-04,TS-020,Matched,
CNF-2025-0177,TD-2025-0177,SWIFT MT300,2025-02-06,2025-02-07,TS-020,Matched,
CNF-2025-0178,TD-2025-0178,SWIFT MT300,2025-02-07,2025-02-07,TS-016,Matched,
CNF-2025-0179,TD-2025-0179,SWIFT MT518,2025-02-06,2025-02-06,TS-020,Matched,
CNF-2025-0182,TD-2025-0182,SWIFT MT320,2025-02-06,2025-02-06,TS-020,Matched,
CNF-2025-0184,TD-2025-0184,SWIFT MT300,2025-02-10,2025-02-11,TS-016,Matched,
CNF-2025-0185,TD-2025-0185,SWIFT MT300,2025-02-07,2025-02-10,TS-016,Matched,
CNF-2025-0186,TD-2025-0186,SWIFT MT300,2025-02-07,2025-02-10,TS-015,Matched,
CNF-2025-0187,TD-2025-0187,SWIFT MT320,2025-02-07,2025-02-10,TS-015,Matched,
CNF-2025-0188,TD-2025-0188,SWIFT MT320,2025-02-07,2025-02-07,TS-016,Matched,
CNF-2025-0189,TD-2025-0189,SWIFT MT300,2025-02-07,2025-02-10,TS-020,Matched,
CNF-2025-0190,TD-2025-0190,SWIFT MT300,2025-02-07,2025-02-07,TS-015,Matched,
CNF-2025-0191,TD-2025-0191,SWIFT MT300,2025-02-07,2025-02-07,TS-016,Matched,
CNF-2025-0192,TD-2025-0192,SWIFT MT320,2025-02-10,2025-02-10,TS-020,Matched,
CNF-2025-0193,TD-2025-0193,SWIFT MT300,2025-02-07,2025-02-10,TS-015,Matched,
CNF-2025-0194,TD-2025-0194,SWIFT MT300,2025-02-07,2025-02-07,TS-020,Matched,
CNF-2025-0195,TD-2025-0195,SWIFT MT300,2025-02-07,2025-02-10,TS-015,Matched,
CNF-2025-0196,TD-2025-0196,SWIFT MT300,2025-02-10,2025-02-10,TS-020,Matched,
CNF-2025-0197,TD-2025-0197,SWIFT MT300,2025-02-10,2025-02-10,TS-016,Matched,
CNF-2025-0198,TD-2025-0198,SWIFT MT300,2025-02-11,2025-02-12,TS-015,Matched,
CNF-2025-0199,TD-2025-0199,SWIFT MT300,2025-02-10,2025-02-11,TS-015,Matched,
CNF-2025-0200,TD-2025-0200,SWIFT MT320,2025-02-10,2025-02-10,TS-016,Matched,
CNF-2025-0201,TD-2025-0201,SWIFT MT300,2025-02-10,2025-02-10,TS-020,Matched,
CNF-2025-0202,TD-2025-0202,SWIFT MT300,2025-02-10,2025-02-11,TS-016,Matched,
CNF-2025-0203,TD-2025-0203,SWIFT MT320,2025-02-11,2025-02-11,TS-015,Matched,
CNF-2025-0204,TD-2025-0204,SWIFT MT300,2025-02-11,2025-02-12,TS-015,Matched,
CNF-2025-0205,TD-2025-0205,SWIFT MT320,2025-02-11,2025-02-11,TS-016,Matched,
CNF-2025-0206,TD-2025-0206,SWIFT MT320,2025-02-11,2025-02-12,TS-020,Matched,
CNF-2025-0207,TD-2025-0207,SWIFT MT300,2025-02-11,2025-02-11,TS-016,Matched,
CNF-2025-0208,TD-2025-0208,SWIFT MT518,2025-02-11,2025-02-12,TS-020,Matched,
CNF-2025-0209,TD-2025-0209,SWIFT MT320,2025-02-11,2025-02-11,TS-016,Matched,
CNF-2025-0210,TD-2025-0210,SWIFT MT300,2025-02-11,2025-02-12,TS-020,Matched,
CNF-2025-0211,TD-2025-0211,SWIFT MT320,2025-02-11,2025-02-11,TS-020,Matched,
CNF-2025-0212,TD-2025-0212,SWIFT MT320,2025-02-12,2025-02-12,TS-015,Matched,
CNF-2025-0213,TD-2025-0213,SWIFT MT300,2025-02-12,2025-02-12,TS-016,Matched,
CNF-2025-0214,TD-2025-0214,SWIFT MT300,2025-02-12,2025-02-12,TS-020,Matched,
CNF-2025-0215,TD-2025-0215,SWIFT MT300,2025-02-12,2025-02-13,TS-015,Matched,
CNF-2025-0216,TD-2025-0216,SWIFT MT320,2025-02-13,2025-02-12,TS-016,Matched,
CNF-2025-0217,TD-2025-0217,SWIFT MT300,2025-02-12,2025-02-13,TS-016,Matched,
CNF-2025-0218,TD-2025-0218,SWIFT MT300,2025-02-12,2025-02-12,TS-016,Matched,
CNF-2025-0219,TD-2025-0219,SWIFT MT518,2025-02-12,2025-02-12,TS-016,Matched,
CNF-2025-0220,TD-2025-0220,SWIFT MT300,2025-02-12,2025-02-13,TS-016,Matched,
CNF-2025-0221,TD-2025-0221,SWIFT MT320,2025-02-12,2025-02-13,TS-020,Matched,
CNF-2025-0222,TD-2025-0222,SWIFT MT300,2025-02-12,2025-02-13,TS-020,Matched,
CNF-2025-0223,TD-2025-0223,SWIFT MT320,2025-02-12,2025-02-12,TS-020,Matched,
CNF-2025-0224,TD-2025-0224,SWIFT MT300,2025-02-13,2025-02-13,TS-015,Matched,
CNF-2025-0225,TD-2025-0225,SWIFT MT320,2025-02-13,2025-02-13,TS-015,Matched,
CNF-2025-0226,TD-2025-0226,SWIFT MT320,2025-02-13,2025-02-13,TS-015,Matched,
CNF-2025-0227,TD-2025-0227,SWIFT MT300,2025-02-14,2025-02-14,TS-015,Matched,
CNF-2025-0228,TD-2025-0228,SWIFT MT320,2025-02-14,2025-02-13,TS-015,Matched,
CNF-2025-0229,TD-2025-0229,SWIFT MT320,2025-02-14,2025-02-13,TS-016,Matched,
CNF-2025-0230,TD-2025-0230,SWIFT MT300,2025-02-14,2025-02-17,TS-015,Matched,
CNF-2025-0231,TD-2025-0231,SWIFT MT300,2025-02-13,2025-02-13,TS-016,Matched,
CNF-2025-0232,TD-2025-0232,SWIFT MT518,2025-02-13,2025-02-13,TS-020,Matched,
CNF-2025-0233,TD-2025-0233,SWIFT MT300,2025-02-13,2025-02-13,TS-015,Matched,
CNF-2025-0234,TD-2025-0234,SWIFT MT320,2025-02-14,2025-02-14,TS-016,Matched,
CNF-2025-0235,TD-2025-0235,SWIFT MT300,2025-02-14,2025-02-14,TS-020,Matched,
CNF-2025-0236,TD-2025-0236,SWIFT MT300,2025-02-14,2025-02-17,TS-016,Matched,
CNF-2025-0237,TD-2025-0237,SWIFT MT518,2025-02-14,2025-02-14,TS-016,Matched,
CNF-2025-0238,TD-2025-0238,SWIFT MT320,2025-02-14,2025-02-17,TS-020,Matched,
CNF-2025-0239,TD-2025-0239,SWIFT MT518,2025-02-14,2025-02-14,TS-016,Matched,
CNF-2025-0240,TD-2025-0240,SWIFT MT320,2025-02-14,2025-02-17,TS-020,Matched,
CNF-2025-0241,TD-2025-0241,SWIFT MT320,2025-02-14,2025-02-14,TS-015,Matched,
CNF-2025-0242,TD-2025-0242,SWIFT MT300,2025-02-14,2025-02-17,TS-016,Matched,
CNF-2025-0243,TD-2025-0243,SWIFT MT320,2025-02-17,2025-02-17,TS-015,Matched,
CNF-2025-0244,TD-2025-0244,SWIFT MT300,2025-02-17,2025-02-18,TS-020,Matched,
CNF-2025-0245,TD-2025-0245,SWIFT MT300,2025-02-18,2025-02-18,TS-020,Matched,
CNF-2025-0246,TD-2025-0246,SWIFT MT300,2025-02-17,2025-02-18,TS-020,Matched,
CNF-2025-0247,TD-2025-0247,SWIFT MT320,2025-02-17,2025-02-17,TS-020,Matched,
CNF-2025-0248,TD-2025-0248,SWIFT MT320,2025-02-18,2025-02-17,TS-016,Matched,
CNF-2025-0249,TD-2025-0249,SWIFT MT320,2025-02-17,2025-02-17,TS-020,Matched,
CNF-2025-0250,TD-2025-0250,SWIFT MT320,2025-02-17,2025-02-17,TS-016,Cancelled,
CNF-2025-0251,TD-2025-0251,SWIFT MT300,2025-02-17,2025-02-17,TS-016,Matched,
CNF-2025-0252,TD-2025-0252,SWIFT MT300,2025-02-17,2025-02-18,TS-016,Cancelled,
CNF-2025-0253,TD-2025-0253,SWIFT MT300,2025-02-17,2025-02-18,TS-020,Matched,
CNF-2025-0254,TD-2025-0254,SWIFT MT518,2025-02-18,2025-02-19,TS-016,Matched,
CNF-2025-0255,TD-2025-0255,SWIFT MT320,2025-02-18,2025-02-18,TS-020,Matched,
CNF-2025-0256,TD-2025-0256,SWIFT MT320,2025-02-18,2025-02-18,TS-020,Matched,
CNF-2025-0257,TD-2025-0257,SWIFT MT320,2025-02-18,2025-02-18,TS-015,Matched,
CNF-2025-0258,TD-2025-0258,SWIFT MT300,2025-02-18,2025-02-18,TS-015,Matched,
CNF-2025-0259,TD-2025-0259,SWIFT MT518,2025-02-18,2025-02-19,TS-020,Matched,
CNF-2025-0260,TD-2025-0260,SWIFT MT518,2025-02-18,2025-02-18,TS-016,Matched,
CNF-2025-0261,TD-2025-0261,SWIFT MT518,2025-02-18,2025-02-19,TS-015,Matched,
CNF-2025-0262,TD-2025-0262,SWIFT MT300,2025-02-18,2025-02-18,TS-020,Matched,
CNF-2025-0263,TD-2025-0263,SWIFT MT300,2025-02-18,2025-02-18,TS-015,Matched,
CNF-2025-0264,TD-2025-0264,SWIFT MT300,2025-02-19,2025-02-20,TS-020,Matched,
CNF-2025-0265,TD-2025-0265,SWIFT MT300,2025-02-19,2025-02-19,TS-015,Matched,
CNF-2025-0266,TD-2025-0266,SWIFT MT300,2025-02-19,2025-02-20,TS-016,Matched,
CNF-2025-0267,TD-2025-0267,SWIFT MT320,2025-02-19,2025-02-19,TS-015,Matched,
CNF-2025-0268,TD-2025-0268,SWIFT MT320,2025-02-19,2025-02-19,TS-016,Matched,
CNF-2025-0269,TD-2025-0269,SWIFT MT300,2025-02-19,2025-02-19,TS-015,Matched,
CNF-2025-0270,TD-2025-0270,SWIFT MT320,2025-02-19,2025-02-19,TS-015,Matched,
CNF-2025-0271,TD-2025-0271,SWIFT MT320,2025-02-19,2025-02-19,TS-020,Matched,
CNF-2025-0272,TD-2025-0272,SWIFT MT320,2025-02-19,2025-02-19,TS-016,Matched,
CNF-2025-0273,TD-2025-0273,SWIFT MT320,2025-02-19,2025-02-19,TS-016,Matched,
CNF-2025-0274,TD-2025-0274,SWIFT MT300,2025-02-19,2025-02-20,TS-020,Matched,
CNF-2025-0275,TD-2025-0275,SWIFT MT320,2025-02-20,2025-02-20,TS-015,Matched,
CNF-2025-0276,TD-2025-0276,SWIFT MT320,2025-02-20,2025-02-20,TS-020,Matched,
CNF-2025-0277,TD-2025-0277,SWIFT MT518,2025-02-20,2025-02-21,TS-015,Matched,
CNF-2025-0278,TD-2025-0278,SWIFT MT300,2025-02-20,2025-02-20,TS-016,Matched,
CNF-2025-0279,TD-2025-0279,SWIFT MT320,2025-02-21,2025-02-20,TS-015,Matched,
CNF-2025-0280,TD-2025-0280,SWIFT MT300,2025-02-20,2025-02-20,TS-016,Matched,
CNF-2025-0281,TD-2025-0281,SWIFT MT320,2025-02-21,2025-02-25,TS-020,Matched,
CNF-2025-0282,TD-2025-0282,SWIFT MT300,2025-02-21,2025-02-24,TS-020,Matched,
CNF-2025-0283,TD-2025-0283,SWIFT MT320,2025-02-24,2025-02-25,TS-020,Matched,
CNF-2025-0284,TD-2025-0284,SWIFT MT300,2025-02-21,2025-02-27,TS-020,Matched,
CNF-2025-0285,TD-2025-0285,SWIFT MT300,2025-02-21,2025-02-21,TS-020,Matched,
CNF-2025-0286,TD-2025-0286,SWIFT MT300,2025-02-24,2025-02-24,TS-016,Matched,
CNF-2025-0287,TD-2025-0287,SWIFT MT320,2025-02-24,2025-02-24,TS-015,Matched,
CNF-2025-0288,TD-2025-0288,SWIFT MT518,2025-02-24,2025-02-24,TS-015,Matched,
CNF-2025-0289,TD-2025-0289,SWIFT MT518,2025-02-25,2025-02-25,TS-015,Matched,
CNF-2025-0290,TD-2025-0290,SWIFT MT300,2025-02-24,2025-02-24,TS-016,Matched,
CNF-2025-0291,TD-2025-0291,SWIFT MT300,2025-02-24,2025-02-25,TS-020,Matched,
CNF-2025-0292,TD-2025-0292,SWIFT MT300,2025-02-24,2025-02-24,TS-020,Matched,
CNF-2025-0293,TD-2025-0293,SWIFT MT518,2025-02-25,2025-02-25,TS-020,Matched,
CNF-2025-0294,TD-2025-0294,SWIFT MT300,2025-02-25,2025-02-25,TS-016,Matched,
CNF-2025-0295,TD-2025-0295,SWIFT MT300,2025-02-25,2025-02-26,TS-015,Matched,
CNF-2025-0296,TD-2025-0296,SWIFT MT518,2025-02-26,2025-02-26,TS-016,Matched,
CNF-2025-0297,TD-2025-0297,SWIFT MT300,2025-02-25,2025-02-25,TS-020,Matched,
CNF-2025-0298,TD-2025-0298,SWIFT MT300,2025-02-26,2025-02-27,TS-020,Matched,
CNF-2025-0299,TD-2025-0299,SWIFT MT300,2025-02-27,2025-02-28,TS-016,Matched,
CNF-2025-0300,TD-2025-0300,SWIFT MT518,2025-02-26,2025-02-26,TS-016,Matched,
CNF-2025-0301,TD-2025-0301,SWIFT MT300,2025-02-26,2025-02-26,TS-020,Matched,
CNF-2025-0302,TD-2025-0302,SWIFT MT300,2025-02-26,2025-02-26,TS-015,Matched,
CNF-2025-0303,TD-2025-0303,SWIFT MT320,2025-02-26,2025-02-26,TS-016,Matched,
CNF-2025-0304,TD-2025-0304,SWIFT MT518,2025-02-26,2025-02-27,TS-020,Matched,
CNF-2025-0305,TD-2025-0305,SWIFT MT518,2025-02-26,2025-02-27,TS-016,Matched,
CNF-2025-0306,TD-2025-0306,SWIFT MT300,2025-02-26,2025-02-26,TS-020,Matched,
CNF-2025-0307,TD-2025-0307,SWIFT MT300,2025-02-26,2025-02-26,TS-020,Matched,
CNF-2025-0308,TD-2025-0308,SWIFT MT518,2025-02-27,2025-02-27,TS-020,Matched,
CNF-2025-0309,TD-2025-0309,SWIFT MT300,2025-02-27,2025-02-27,TS-016,Matched,
CNF-2025-0310,TD-2025-0310,SWIFT MT320,2025-02-27,2025-02-27,TS-020,Matched,
CNF-2025-0311,TD-2025-0311,SWIFT MT300,2025-02-27,2025-02-27,TS-016,Matched,
CNF-2025-0312,TD-2025-0312,SWIFT MT320,2025-02-28,2025-02-28,TS-020,Matched,
CNF-2025-0313,TD-2025-0313,SWIFT MT300,2025-02-27,2025-02-28,TS-015,Matched,
CNF-2025-0314,TD-2025-0314,SWIFT MT320,2025-02-27,2025-02-27,TS-020,Matched,
CNF-2025-0315,TD-2025-0315,SWIFT MT300,2025-02-27,2025-02-27,TS-016,Matched,
CNF-2025-0316,TD-2025-0316,SWIFT MT300,2025-02-27,2025-02-27,TS-015,Matched,
CNF-2025-0317,TD-2025-0317,SWIFT MT300,2025-02-28,2025-03-03,TS-015,Matched,
CNF-2025-0318,TD-2025-0318,SWIFT MT300,2025-02-28,2025-02-28,TS-016,Matched,
CNF-2025-0319,TD-2025-0319,SWIFT MT300,2025-02-28,2025-03-03,TS-016,Matched,
CNF-2025-0320,TD-2025-0320,SWIFT MT320,2025-02-28,2025-03-03,TS-020,Matched,
CNF-2025-0321,TD-2025-0321,SWIFT MT300,2025-02-28,2025-02-28,TS-016,Matched,
CNF-2025-0322,TD-2025-0322,SWIFT MT300,2025-02-28,2025-03-03,TS-016,Matched,
CNF-2025-0323,TD-2025-0323,SWIFT MT320,2025-02-28,2025-03-03,TS-016,Matched,
CNF-2025-0324,TD-2025-0324,SWIFT MT300,2025-02-28,2025-02-28,TS-015,Matched,
CNF-2025-0325,TD-2025-0325,SWIFT MT300,2025-02-28,2025-02-28,TS-020,Matched,
CNF-2025-0326,TD-2025-0326,SWIFT MT300,2025-02-28,2025-03-03,TS-020,Matched,
CNF-2025-0327,TD-2025-0327,SWIFT MT320,2025-03-03,2025-02-28,TS-015,Matched,
CNF-2025-0328,TD-2025-0328,SWIFT MT300,2025-02-28,2025-02-28,TS-020,Matched,
CNF-2025-0329,TD-2025-0329,SWIFT MT300,2025-02-28,2025-02-28,TS-016,Matched,
CNF-2025-0330,TD-2025-0330,SWIFT MT320,2025-02-28,2025-02-28,TS-020,Matched,
CNF-2025-0331,TD-2025-0331,SWIFT MT300,2025-03-04,2025-03-04,TS-020,Matched,
CNF-2025-0332,TD-2025-0332,SWIFT MT518,2025-03-03,2025-03-04,TS-004,Matched,
CNF-2025-0333,TD-2025-0333,SWIFT MT518,2025-03-03,2025-03-03,TS-016,Matched,
CNF-2025-0334,TD-2025-0334,SWIFT MT320,2025-03-04,2025-03-03,TS-020,Matched,
CNF-2025-0335,TD-2025-0335,SWIFT MT320,2025-03-03,2025-03-03,TS-016,Matched,
CNF-2025-0336,TD-2025-0336,SWIFT MT518,2025-03-03,2025-03-04,TS-015,Matched,
CNF-2025-0337,TD-2025-0337,SWIFT MT320,2025-03-03,2025-03-03,TS-015,Matched,
CNF-2025-0338,TD-2025-0338,SWIFT MT300,2025-03-03,2025-03-04,TS-015,Matched,
CNF-2025-0339,TD-2025-0339,SWIFT MT300,2025-03-03,2025-03-04,TS-004,Matched,
CNF-2025-0340,TD-2025-0340,SWIFT MT320,2025-03-03,2025-03-03,TS-020,Matched,
CNF-2025-0341,TD-2025-0341,SWIFT MT320,2025-03-04,2025-03-04,TS-015,Matched,
CNF-2025-0342,TD-2025-0342,SWIFT MT320,2025-03-04,2025-03-04,TS-016,Matched,
CNF-2025-0343,TD-2025-0343,SWIFT MT300,2025-03-04,2025-03-04,TS-020,Matched,
CNF-2025-0344,TD-2025-0344,SWIFT MT300,2025-03-04,2025-03-05,TS-020,Matched,
CNF-2025-0345,TD-2025-0345,SWIFT MT320,2025-03-04,2025-03-04,TS-015,Matched,
CNF-2025-0346,TD-2025-0346,SWIFT MT300,2025-03-04,2025-03-05,TS-016,Matched,
CNF-2025-0347,TD-2025-0347,SWIFT MT320,2025-03-04,2025-03-04,TS-020,Matched,
CNF-2025-0348,TD-2025-0348,SWIFT MT320,2025-03-04,2025-03-04,TS-020,Matched,
CNF-2025-0349,TD-2025-0349,SWIFT MT300,2025-03-05,2025-03-06,TS-016,Matched,
CNF-2025-0350,TD-2025-0350,SWIFT MT300,2025-03-05,2025-03-06,TS-015,Matched,
CNF-2025-0351,TD-2025-0351,SWIFT MT320,2025-03-06,2025-03-05,TS-015,Matched,
CNF-2025-0352,TD-2025-0352,SWIFT MT320,2025-03-05,2025-03-05,TS-015,Matched,
CNF-2025-0353,TD-2025-0353,SWIFT MT320,2025-03-05,2025-03-05,TS-020,Matched,
CNF-2025-0354,TD-2025-0354,SWIFT MT300,2025-03-05,2025-03-05,TS-016,Matched,
CNF-2025-0355,TD-2025-0355,SWIFT MT320,2025-03-05,2025-03-06,TS-020,Matched,
CNF-2025-0356,TD-2025-0356,SWIFT MT300,2025-03-05,2025-03-05,TS-016,Matched,
CNF-2025-0357,TD-2025-0357,SWIFT MT320,2025-03-05,2025-03-05,TS-016,Matched,
CNF-2025-0358,TD-2025-0358,SWIFT MT518,2025-03-05,2025-03-05,TS-016,Matched,
CNF-2025-0359,TD-2025-0359,SWIFT MT300,2025-03-06,2025-03-06,TS-016,Matched,
CNF-2025-0360,TD-2025-0360,SWIFT MT518,2025-03-06,2025-03-07,TS-016,Matched,
CNF-2025-0361,TD-2025-0361,SWIFT MT320,2025-03-07,2025-03-07,TS-016,Matched,
CNF-2025-0362,TD-2025-0362,SWIFT MT300,2025-03-06,2025-03-07,TS-015,Matched,
CNF-2025-0363,TD-2025-0363,SWIFT MT518,2025-03-06,2025-03-07,TS-015,Matched,
CNF-2025-0364,TD-2025-0364,SWIFT MT518,2025-03-07,2025-03-07,TS-015,Matched,
CNF-2025-0365,TD-2025-0365,SWIFT MT320,2025-03-06,2025-03-07,TS-020,Matched,
CNF-2025-0366,TD-2025-0366,SWIFT MT518,2025-03-06,2025-03-07,TS-015,Matched,
CNF-2025-0367,TD-2025-0367,SWIFT MT320,2025-03-06,2025-03-07,TS-020,Matched,
CNF-2025-0368,TD-2025-0368,SWIFT MT518,2025-03-06,2025-03-06,TS-020,Matched,
CNF-2025-0369,TD-2025-0369,SWIFT MT300,2025-03-07,2025-03-07,TS-016,Matched,
CNF-2025-0370,TD-2025-0370,SWIFT MT320,2025-03-07,2025-03-07,TS-015,Matched,
CNF-2025-0371,TD-2025-0371,SWIFT MT300,2025-03-07,2025-03-07,TS-016,Matched,
CNF-2025-0372,TD-2025-0372,SWIFT MT300,2025-03-10,2025-03-10,TS-016,Matched,
CNF-2025-0373,TD-2025-0373,SWIFT MT300,2025-03-07,2025-03-10,TS-020,Matched,
CNF-2025-0374,TD-2025-0374,SWIFT MT518,2025-03-07,2025-03-07,TS-020,Matched,
CNF-2025-0375,TD-2025-0375,SWIFT MT320,2025-03-07,2025-03-07,TS-015,Matched,
CNF-2025-0376,TD-2025-0376,SWIFT MT300,2025-03-07,2025-03-10,TS-020,Matched,
CNF-2025-0377,TD-2025-0377,SWIFT MT320,2025-03-10,2025-03-11,TS-015,Matched,
CNF-2025-0378,TD-2025-0378,SWIFT MT320,2025-03-10,2025-03-10,TS-015,Matched,
CNF-2025-0379,TD-2025-0379,SWIFT MT300,2025-03-10,2025-03-11,TS-020,Matched,
CNF-2025-0380,TD-2025-0380,SWIFT MT320,2025-03-10,2025-03-10,TS-020,Matched,
CNF-2025-0381,TD-2025-0381,SWIFT MT320,2025-03-10,2025-03-11,TS-015,Matched,
CNF-2025-0382,TD-2025-0382,SWIFT MT320,2025-03-10,2025-03-10,TS-015,Matched,
CNF-2025-0383,TD-2025-0383,SWIFT MT300,2025-03-10,2025-03-10,TS-016,Matched,
CNF-2025-0384,TD-2025-0384,SWIFT MT300,2025-03-11,2025-03-12,TS-015,Discrepancy,Counterparty confirms value date one business day later than booked.
CNF-2025-0385,TD-2025-0385,SWIFT MT300,2025-03-11,2025-03-12,TS-016,Matched,
CNF-2025-0386,TD-2025-0386,SWIFT MT300,2025-03-11,2025-03-12,TS-020,Discrepancy,Counterparty confirms a different tenor; unresolved at settlement.
CNF-2025-0387,TD-2025-0387,SWIFT MT300,2025-03-11,2025-03-11,TS-020,Matched,
CNF-2025-0388,TD-2025-0388,SWIFT MT300,2025-03-12,2025-03-12,TS-016,Matched,
CNF-2025-0389,TD-2025-0389,SWIFT MT320,2025-03-11,2025-03-11,TS-020,Matched,
CNF-2025-0390,TD-2025-0390,SWIFT MT300,2025-03-12,2025-03-13,TS-016,Matched,
CNF-2025-0391,TD-2025-0391,SWIFT MT300,2025-03-11,2025-03-11,TS-020,Discrepancy,Counterparty reference not quoted; amount agreed verbally.
CNF-2025-0392,TD-2025-0392,SWIFT MT320,2025-03-11,2025-03-11,TS-016,Matched,
CNF-2025-0393,TD-2025-0393,SWIFT MT300,2025-03-12,2025-03-13,TS-015,Matched,
CNF-2025-0394,TD-2025-0394,SWIFT MT300,2025-03-12,2025-03-12,TS-020,Matched,
CNF-2025-0395,TD-2025-0395,SWIFT MT300,2025-03-12,2025-03-13,TS-016,Matched,
CNF-2025-0396,TD-2025-0396,SWIFT MT300,2025-03-12,2025-03-13,TS-015,Matched,
CNF-2025-0397,TD-2025-0397,SWIFT MT300,2025-03-12,2025-03-12,TS-020,Matched,
CNF-2025-0398,TD-2025-0398,SWIFT MT300,2025-03-12,2025-03-13,TS-016,Matched,
CNF-2025-0399,TD-2025-0399,SWIFT MT320,2025-03-12,2025-03-12,TS-020,Matched,
CNF-2025-0400,TD-2025-0400,SWIFT MT300,2025-03-12,2025-03-13,TS-015,Matched,
CNF-2025-0401,TD-2025-0401,SWIFT MT518,2025-03-12,2025-03-13,TS-015,Matched,
CNF-2025-0402,TD-2025-0402,SWIFT MT300,2025-03-12,2025-03-12,TS-020,Matched,
CNF-2025-0403,TD-2025-0403,SWIFT MT300,2025-03-12,2025-03-12,TS-016,Matched,
CNF-2025-0404,TD-2025-0404,SWIFT MT300,2025-03-13,2025-03-13,TS-020,Matched,
CNF-2025-0405,TD-2025-0405,SWIFT MT320,2025-03-12,2025-03-12,TS-015,Matched,
CNF-2025-0406,TD-2025-0406,SWIFT MT300,2025-03-12,2025-03-13,TS-015,Matched,
CNF-2025-0407,TD-2025-0407,SWIFT MT300,2025-03-13,2025-03-13,TS-016,Matched,
CNF-2025-0408,TD-2025-0408,SWIFT MT300,2025-03-13,2025-03-14,TS-016,Matched,
CNF-2025-0409,TD-2025-0409,SWIFT MT320,2025-03-14,2025-03-13,TS-015,Matched,
CNF-2025-0410,TD-2025-0410,SWIFT MT300,2025-03-13,2025-03-14,TS-015,Matched,
CNF-2025-0411,TD-2025-0411,SWIFT MT300,2025-03-14,2025-03-14,TS-016,Matched,
CNF-2025-0412,TD-2025-0412,SWIFT MT300,2025-03-13,2025-03-14,TS-020,Matched,
CNF-2025-0413,TD-2025-0413,SWIFT MT518,2025-03-13,2025-03-13,TS-020,Matched,
CNF-2025-0414,TD-2025-0414,SWIFT MT300,2025-03-14,2025-03-14,TS-020,Matched,
CNF-2025-0415,TD-2025-0415,SWIFT MT518,2025-03-14,2025-03-17,TS-015,Matched,
CNF-2025-0416,TD-2025-0416,SWIFT MT300,2025-03-14,2025-03-14,TS-015,Matched,
CNF-2025-0417,TD-2025-0417,SWIFT MT300,2025-03-14,2025-03-17,TS-016,Matched,
CNF-2025-0418,TD-2025-0418,SWIFT MT320,2025-03-14,2025-03-14,TS-020,Matched,
CNF-2025-0419,TD-2025-0419,SWIFT MT300,2025-03-14,2025-03-14,TS-015,Matched,
CNF-2025-0420,TD-2025-0420,SWIFT MT320,2025-03-17,2025-03-18,TS-020,Matched,
CNF-2025-0421,TD-2025-0421,SWIFT MT518,2025-03-17,2025-03-18,TS-015,Matched,
CNF-2025-0422,TD-2025-0422,SWIFT MT320,2025-03-18,2025-03-17,TS-020,Matched,
CNF-2025-0423,TD-2025-0423,SWIFT MT320,2025-03-17,2025-03-18,TS-016,Matched,
CNF-2025-0424,TD-2025-0424,SWIFT MT300,2025-03-17,2025-03-17,TS-015,Matched,
CNF-2025-0425,TD-2025-0425,SWIFT MT300,2025-03-17,2025-03-17,TS-016,Matched,
CNF-2025-0426,TD-2025-0426,SWIFT MT300,2025-03-17,2025-03-17,TS-016,Matched,
CNF-2025-0427,TD-2025-0427,SWIFT MT300,2025-03-17,2025-03-18,TS-016,Matched,
CNF-2025-0428,TD-2025-0428,SWIFT MT320,2025-03-17,2025-03-17,TS-020,Matched,
CNF-2025-0429,TD-2025-0429,SWIFT MT320,2025-03-17,2025-03-17,TS-016,Matched,
CNF-2025-0430,TD-2025-0430,SWIFT MT320,2025-03-17,2025-03-18,TS-020,Matched,
CNF-2025-0431,TD-2025-0431,SWIFT MT300,2025-03-18,2025-03-18,TS-016,Matched,
CNF-2025-0432,TD-2025-0432,SWIFT MT320,2025-03-18,2025-03-19,TS-016,Matched,
CNF-2025-0433,TD-2025-0433,SWIFT MT300,2025-03-19,2025-03-20,TS-020,Matched,
CNF-2025-0434,TD-2025-0434,SWIFT MT320,2025-03-19,2025-03-18,TS-016,Matched,
CNF-2025-0435,TD-2025-0435,SWIFT MT320,2025-03-18,2025-03-18,TS-015,Matched,
CNF-2025-0436,TD-2025-0436,SWIFT MT300,2025-03-18,2025-03-19,TS-016,Matched,
CNF-2025-0437,TD-2025-0437,SWIFT MT320,2025-03-19,2025-03-19,TS-020,Matched,
CNF-2025-0438,TD-2025-0438,SWIFT MT300,2025-03-19,2025-03-19,TS-015,Matched,
CNF-2025-0439,TD-2025-0439,SWIFT MT320,2025-03-19,2025-03-19,TS-020,Matched,
CNF-2025-0440,TD-2025-0440,SWIFT MT300,2025-03-19,2025-03-19,TS-020,Matched,
CNF-2025-0441,TD-2025-0441,SWIFT MT320,2025-03-19,2025-03-19,TS-015,Matched,
CNF-2025-0442,TD-2025-0442,SWIFT MT300,2025-03-20,2025-03-20,TS-015,Matched,
CNF-2025-0443,TD-2025-0443,SWIFT MT320,2025-03-19,2025-03-19,TS-015,Matched,
CNF-2025-0444,TD-2025-0444,SWIFT MT320,2025-03-19,2025-03-20,TS-016,Matched,
CNF-2025-0445,TD-2025-0445,SWIFT MT300,2025-03-20,2025-03-20,TS-015,Matched,
CNF-2025-0446,TD-2025-0446,SWIFT MT518,2025-03-20,2025-03-20,TS-020,Matched,
CNF-2025-0447,TD-2025-0448,SWIFT MT300,2025-03-19,2025-03-19,TS-020,Matched,
CNF-2025-0448,TD-2025-0449,SWIFT MT320,2025-03-19,2025-03-19,TS-016,Matched,
CNF-2025-0449,TD-2025-0450,SWIFT MT320,2025-03-19,2025-03-20,TS-016,Matched,
CNF-2025-0450,TD-2025-0451,SWIFT MT300,2025-03-19,2025-03-19,TS-020,Matched,
CNF-2025-0451,TD-2025-0452,SWIFT MT300,2025-03-19,2025-03-20,TS-015,Matched,
CNF-2025-0452,TD-2025-0453,SWIFT MT320,2025-03-19,2025-03-19,TS-015,Matched,
CNF-2025-0453,TD-2025-0454,SWIFT MT300,2025-03-19,2025-03-19,TS-016,Matched,
CNF-2025-0454,TD-2025-0455,SWIFT MT320,2025-03-19,2025-03-19,TS-015,Matched,
CNF-2025-0455,TD-2025-0456,SWIFT MT300,2025-03-20,2025-03-21,TS-020,Matched,
CNF-2025-0456,TD-2025-0457,SWIFT MT300,2025-03-20,2025-03-21,TS-016,Matched,
CNF-2025-0457,TD-2025-0458,SWIFT MT300,2025-03-20,2025-03-20,TS-020,Matched,
CNF-2025-0458,TD-2025-0459,SWIFT MT518,2025-03-21,2025-03-21,TS-020,Matched,
CNF-2025-0459,TD-2025-0460,SWIFT MT518,2025-03-20,2025-03-21,TS-016,Matched,
CNF-2025-0460,TD-2025-0461,SWIFT MT300,2025-03-20,2025-03-20,TS-015,Matched,
CNF-2025-0461,TD-2025-0462,SWIFT MT300,2025-03-20,2025-03-20,TS-016,Matched,
CNF-2025-0462,TD-2025-0463,SWIFT MT300,2025-03-21,2025-03-24,TS-020,Matched,
CNF-2025-0463,TD-2025-0464,SWIFT MT300,2025-03-24,2025-03-25,TS-016,Matched,
CNF-2025-0464,TD-2025-0465,SWIFT MT320,2025-03-24,2025-03-21,TS-020,Matched,
CNF-2025-0465,TD-2025-0466,SWIFT MT518,2025-03-21,2025-03-24,TS-015,Matched,
CNF-2025-0466,TD-2025-0467,SWIFT MT300,2025-03-21,2025-03-21,TS-020,Matched,
CNF-2025-0467,TD-2025-0468,SWIFT MT300,2025-03-21,2025-03-24,TS-016,Matched,
CNF-2025-0468,TD-2025-0469,SWIFT MT320,2025-03-21,2025-03-21,TS-020,Matched,
CNF-2025-0469,TD-2025-0470,SWIFT MT518,2025-03-21,2025-03-21,TS-020,Matched,
CNF-2025-0470,TD-2025-0471,SWIFT MT320,2025-03-21,2025-03-21,TS-015,Matched,
CNF-2025-0471,TD-2025-0472,SWIFT MT300,2025-03-21,2025-03-21,TS-016,Matched,
CNF-2025-0472,TD-2025-0473,SWIFT MT320,2025-03-21,2025-03-21,TS-015,Matched,
CNF-2025-0473,TD-2025-0474,SWIFT MT320,2025-03-21,2025-03-24,TS-016,Matched,
CNF-2025-0474,TD-2025-0475,SWIFT MT300,2025-03-21,2025-03-21,TS-016,Matched,
CNF-2025-0475,TD-2025-0476,SWIFT MT300,2025-03-21,2025-03-24,TS-015,Matched,
CNF-2025-0476,TD-2025-0477,SWIFT MT518,2025-03-24,2025-03-24,TS-016,Matched,
CNF-2025-0477,TD-2025-0478,SWIFT MT300,2025-03-24,2025-03-25,TS-016,Matched,
CNF-2025-0478,TD-2025-0479,SWIFT MT320,2025-03-24,2025-03-24,TS-015,Matched,
CNF-2025-0479,TD-2025-0480,SWIFT MT320,2025-03-24,2025-03-24,TS-015,Matched,
CNF-2025-0480,TD-2025-0481,SWIFT MT300,2025-03-24,2025-03-24,TS-015,Matched,
CNF-2025-0481,TD-2025-0482,SWIFT MT320,2025-03-24,2025-03-24,TS-015,Matched,
CNF-2025-0482,TD-2025-0483,SWIFT MT300,2025-03-26,2025-03-26,TS-016,Matched,
CNF-2025-0483,TD-2025-0484,SWIFT MT300,2025-03-25,2025-03-25,TS-015,Matched,
CNF-2025-0484,TD-2025-0485,SWIFT MT320,2025-03-25,2025-03-26,TS-020,Matched,
CNF-2025-0485,TD-2025-0486,SWIFT MT300,2025-03-25,2025-03-26,TS-015,Matched,
CNF-2025-0486,TD-2025-0487,SWIFT MT320,2025-03-26,2025-03-25,TS-015,Matched,
CNF-2025-0487,TD-2025-0488,SWIFT MT300,2025-03-25,2025-03-26,TS-016,Matched,
CNF-2025-0488,TD-2025-0489,SWIFT MT320,2025-03-25,2025-03-26,TS-020,Matched,
CNF-2025-0489,TD-2025-0490,SWIFT MT518,2025-03-25,2025-03-26,TS-015,Matched,
CNF-2025-0490,TD-2025-0491,SWIFT MT300,2025-03-25,2025-03-25,TS-015,Matched,
CNF-2025-0491,TD-2025-0492,SWIFT MT320,2025-03-26,2025-03-26,TS-016,Matched,
CNF-2025-0492,TD-2025-0493,SWIFT MT300,2025-03-26,2025-03-27,TS-016,Matched,
CNF-2025-0493,TD-2025-0494,SWIFT MT300,2025-03-26,2025-03-27,TS-020,Matched,
CNF-2025-0494,TD-2025-0495,SWIFT MT320,2025-03-26,2025-03-27,TS-020,Matched,
CNF-2025-0495,TD-2025-0496,SWIFT MT320,2025-03-26,2025-03-27,TS-020,Matched,
CNF-2025-0496,TD-2025-0497,SWIFT MT300,2025-03-26,2025-03-27,TS-016,Matched,
CNF-2025-0497,TD-2025-0498,SWIFT MT300,2025-03-26,2025-03-26,TS-020,Matched,
CNF-2025-0498,TD-2025-0499,SWIFT MT320,2025-03-26,2025-03-26,TS-016,Matched,
CNF-2025-0499,TD-2025-0500,SWIFT MT300,2025-03-26,2025-03-26,TS-015,Matched,
CNF-2025-0500,TD-2025-0501,SWIFT MT518,2025-03-26,2025-03-27,TS-016,Matched,
CNF-2025-0501,TD-2025-0502,SWIFT MT300,2025-03-27,2025-03-27,TS-016,Matched,
CNF-2025-0502,TD-2025-0503,SWIFT MT320,2025-03-28,2025-03-28,TS-020,Matched,
CNF-2025-0503,TD-2025-0504,SWIFT MT300,2025-03-27,2025-03-27,TS-020,Matched,
CNF-2025-0504,TD-2025-0505,SWIFT MT300,2025-03-27,2025-03-27,TS-015,Matched,
CNF-2025-0505,TD-2025-0506,SWIFT MT518,2025-03-27,2025-03-28,TS-015,Matched,
CNF-2025-0506,TD-2025-0507,SWIFT MT300,2025-03-28,2025-03-28,TS-016,Matched,
CNF-2025-0507,TD-2025-0508,SWIFT MT300,2025-03-28,2025-03-28,TS-020,Matched,
CNF-2025-0508,TD-2025-0509,SWIFT MT320,2025-04-03,2025-04-03,TS-015,Matched,
CNF-2025-0509,TD-2025-0510,SWIFT MT320,2025-03-28,2025-03-28,TS-015,Matched,
CNF-2025-0510,TD-2025-0511,SWIFT MT320,2025-03-28,2025-03-28,TS-020,Matched,
CNF-2025-0511,TD-2025-0512,SWIFT MT518,2025-03-28,2025-03-28,TS-020,Matched,
CNF-2025-0512,TD-2025-0513,SWIFT MT320,2025-03-28,2025-03-28,TS-020,Matched,
CNF-2025-0513,TD-2025-0514,SWIFT MT300,2025-03-28,2025-04-03,TS-016,Matched,
CNF-2025-0514,TD-2025-0515,SWIFT MT320,2025-03-28,2025-03-28,TS-016,Matched,
CNF-2025-0515,TD-2025-0516,SWIFT MT320,2025-03-28,2025-03-28,TS-015,Matched,
CNF-2025-0516,TD-2025-0517,SWIFT MT320,2025-03-28,2025-03-28,TS-016,Matched,
CNF-2025-0517,TD-2025-0518,SWIFT MT320,2025-04-03,2025-04-03,TS-016,Matched,
CNF-2025-0518,TD-2025-0519,SWIFT MT320,2025-04-03,2025-04-04,TS-015,Matched,
CNF-2025-0519,TD-2025-0520,SWIFT MT320,2025-04-03,2025-04-03,TS-016,Matched,
CNF-2025-0520,TD-2025-0521,SWIFT MT300,2025-04-04,2025-04-07,TS-020,Matched,
CNF-2025-0521,TD-2025-0522,SWIFT MT300,2025-04-03,2025-04-03,TS-020,Matched,
CNF-2025-0522,TD-2025-0523,SWIFT MT300,2025-04-04,2025-04-04,TS-015,Matched,
CNF-2025-0523,TD-2025-0524,SWIFT MT320,2025-04-04,2025-04-04,TS-015,Matched,
CNF-2025-0524,TD-2025-0525,SWIFT MT300,2025-04-07,2025-04-07,TS-020,Matched,
CNF-2025-0525,TD-2025-0526,SWIFT MT300,2025-04-04,2025-04-04,TS-016,Matched,
CNF-2025-0526,TD-2025-0527,SWIFT MT320,2025-04-07,2025-04-04,TS-015,Matched,
CNF-2025-0527,TD-2025-0528,SWIFT MT300,2025-04-04,2025-04-04,TS-020,Matched,
CNF-2025-0528,TD-2025-0529,SWIFT MT300,2025-04-04,2025-04-07,TS-015,Matched,
CNF-2025-0529,TD-2025-0530,SWIFT MT300,2025-04-04,2025-04-04,TS-020,Matched,
CNF-2025-0530,TD-2025-0531,SWIFT MT320,2025-04-04,2025-04-04,TS-020,Matched,
CNF-2025-0531,TD-2025-0532,SWIFT MT320,2025-04-07,2025-04-07,TS-016,Matched,
CNF-2025-0532,TD-2025-0533,SWIFT MT320,2025-04-04,2025-04-04,TS-020,Matched,
CNF-2025-0533,TD-2025-0534,SWIFT MT320,2025-04-07,2025-04-08,TS-016,Matched,
CNF-2025-0534,TD-2025-0535,SWIFT MT300,2025-04-07,2025-04-07,TS-016,Matched,
CNF-2025-0535,TD-2025-0536,SWIFT MT300,2025-04-07,2025-04-07,TS-015,Matched,
CNF-2025-0536,TD-2025-0537,SWIFT MT300,2025-04-07,2025-04-08,TS-015,Matched,
CNF-2025-0537,TD-2025-0538,SWIFT MT300,2025-04-07,2025-04-07,TS-016,Matched,
CNF-2025-0538,TD-2025-0539,SWIFT MT518,2025-04-07,2025-04-08,TS-020,Matched,
CNF-2025-0539,TD-2025-0540,SWIFT MT300,2025-04-07,2025-04-07,TS-016,Matched,
CNF-2025-0540,TD-2025-0541,SWIFT MT320,2025-04-07,2025-04-07,TS-016,Matched,
CNF-2025-0541,TD-2025-0542,SWIFT MT320,2025-04-09,2025-04-08,TS-020,Matched,
CNF-2025-0542,TD-2025-0543,SWIFT MT518,2025-04-08,2025-04-08,TS-020,Matched,
CNF-2025-0543,TD-2025-0544,SWIFT MT320,2025-04-08,2025-04-08,TS-015,Matched,
CNF-2025-0544,TD-2025-0545,SWIFT MT320,2025-04-08,2025-04-09,TS-016,Matched,
CNF-2025-0545,TD-2025-0546,SWIFT MT300,2025-04-08,2025-04-09,TS-015,Matched,
CNF-2025-0546,TD-2025-0547,SWIFT MT300,2025-04-08,2025-04-08,TS-016,Matched,
CNF-2025-0547,TD-2025-0548,SWIFT MT300,2025-04-08,2025-04-08,TS-016,Matched,
CNF-2025-0548,TD-2025-0549,SWIFT MT300,2025-04-08,2025-04-08,TS-015,Matched,
CNF-2025-0549,TD-2025-0550,SWIFT MT300,2025-04-09,2025-04-09,TS-016,Matched,
CNF-2025-0550,TD-2025-0551,SWIFT MT300,2025-04-09,2025-04-09,TS-020,Matched,
CNF-2025-0551,TD-2025-0552,SWIFT MT300,2025-04-10,2025-04-10,TS-015,Matched,
CNF-2025-0552,TD-2025-0553,SWIFT MT300,2025-04-09,2025-04-10,TS-020,Matched,
CNF-2025-0553,TD-2025-0554,SWIFT MT518,2025-04-09,2025-04-10,TS-016,Matched,
CNF-2025-0554,TD-2025-0555,SWIFT MT300,2025-04-10,2025-04-10,TS-020,Matched,
CNF-2025-0555,TD-2025-0556,SWIFT MT320,2025-04-10,2025-04-09,TS-015,Matched,
CNF-2025-0556,TD-2025-0557,SWIFT MT320,2025-04-10,2025-04-10,TS-020,Matched,
CNF-2025-0557,TD-2025-0558,SWIFT MT518,2025-04-11,2025-04-11,TS-020,Matched,
CNF-2025-0558,TD-2025-0559,SWIFT MT300,2025-04-10,2025-04-10,TS-015,Matched,
CNF-2025-0559,TD-2025-0560,SWIFT MT518,2025-04-10,2025-04-10,TS-016,Matched,
CNF-2025-0560,TD-2025-0561,SWIFT MT300,2025-04-10,2025-04-11,TS-016,Matched,
CNF-2025-0561,TD-2025-0562,SWIFT MT300,2025-04-11,2025-04-14,TS-016,Matched,
CNF-2025-0562,TD-2025-0563,SWIFT MT300,2025-04-10,2025-04-10,TS-016,Matched,
CNF-2025-0563,TD-2025-0564,SWIFT MT300,2025-04-10,2025-04-11,TS-015,Matched,
CNF-2025-0564,TD-2025-0565,SWIFT MT320,2025-04-10,2025-04-10,TS-016,Matched,
CNF-2025-0565,TD-2025-0566,SWIFT MT300,2025-04-10,2025-04-10,TS-020,Matched,
CNF-2025-0566,TD-2025-0567,SWIFT MT300,2025-04-11,2025-04-11,TS-020,Matched,
CNF-2025-0567,TD-2025-0568,SWIFT MT320,2025-04-11,2025-04-11,TS-020,Matched,
CNF-2025-0568,TD-2025-0569,SWIFT MT300,2025-04-11,2025-04-11,TS-016,Matched,
CNF-2025-0569,TD-2025-0570,SWIFT MT320,2025-04-11,2025-04-11,TS-016,Matched,
CNF-2025-0570,TD-2025-0571,SWIFT MT300,2025-04-12,2025-04-12,TS-020,Matched,
CNF-2025-0571,TD-2025-0572,SWIFT MT300,2025-04-14,2025-04-14,TS-016,Matched,
CNF-2025-0572,TD-2025-0573,SWIFT MT300,2025-04-14,2025-04-15,TS-020,Matched,
CNF-2025-0573,TD-2025-0574,SWIFT MT300,2025-04-15,2025-04-16,TS-020,Matched,
CNF-2025-0574,TD-2025-0575,SWIFT MT518,2025-04-15,2025-04-16,TS-015,Matched,
CNF-2025-0575,TD-2025-0576,SWIFT MT300,2025-04-15,2025-04-15,TS-016,Matched,
CNF-2025-0576,TD-2025-0577,SWIFT MT300,2025-04-15,2025-04-16,TS-015,Matched,
CNF-2025-0577,TD-2025-0578,SWIFT MT300,2025-04-15,2025-04-16,TS-015,Matched,
CNF-2025-0578,TD-2025-0579,SWIFT MT300,2025-04-16,2025-04-17,TS-016,Matched,
CNF-2025-0579,TD-2025-0580,SWIFT MT300,2025-04-15,2025-04-15,TS-016,Matched,
CNF-2025-0580,TD-2025-0581,SWIFT MT320,2025-04-15,2025-04-16,TS-015,Matched,
CNF-2025-0581,TD-2025-0582,SWIFT MT300,2025-04-15,2025-04-16,TS-020,Matched,
CNF-2025-0582,TD-2025-0583,SWIFT MT300,2025-04-16,2025-04-17,TS-020,Matched,
CNF-2025-0583,TD-2025-0584,SWIFT MT300,2025-04-17,2025-04-18,TS-016,Matched,
CNF-2025-0584,TD-2025-0585,SWIFT MT320,2025-04-16,2025-04-16,TS-020,Matched,
CNF-2025-0585,TD-2025-0586,SWIFT MT300,2025-04-16,2025-04-16,TS-020,Matched,
CNF-2025-0586,TD-2025-0587,SWIFT MT300,2025-04-16,2025-04-16,TS-020,Matched,
CNF-2025-0587,TD-2025-0588,SWIFT MT320,2025-04-16,2025-04-16,TS-015,Matched,
CNF-2025-0588,TD-2025-0589,SWIFT MT518,2025-04-17,2025-04-17,TS-016,Matched,
CNF-2025-0589,TD-2025-0590,SWIFT MT300,2025-04-17,2025-04-18,TS-015,Matched,
CNF-2025-0590,TD-2025-0591,SWIFT MT300,2025-04-17,2025-04-17,TS-016,Matched,
CNF-2025-0591,TD-2025-0592,SWIFT MT300,2025-04-17,2025-04-17,TS-016,Matched,
CNF-2025-0592,TD-2025-0593,SWIFT MT300,2025-04-17,2025-04-17,TS-015,Matched,
CNF-2025-0593,TD-2025-0594,SWIFT MT300,2025-04-18,2025-04-21,TS-016,Matched,
CNF-2025-0594,TD-2025-0595,SWIFT MT320,2025-04-17,2025-04-17,TS-016,Matched,
CNF-2025-0595,TD-2025-0596,SWIFT MT300,2025-04-17,2025-04-17,TS-020,Matched,
CNF-2025-0596,TD-2025-0597,SWIFT MT320,2025-04-17,2025-04-17,TS-015,Matched,
CNF-2025-0597,TD-2025-0598,SWIFT MT300,2025-04-21,2025-04-21,TS-020,Matched,
CNF-2025-0598,TD-2025-0599,SWIFT MT320,2025-04-18,2025-04-21,TS-020,Matched,
CNF-2025-0599,TD-2025-0600,SWIFT MT320,2025-04-18,2025-04-18,TS-020,Matched,
CNF-2025-0600,TD-2025-0601,SWIFT MT300,2025-04-21,2025-04-21,TS-015,Matched,
CNF-2025-0601,TD-2025-0602,SWIFT MT320,2025-04-21,2025-04-22,TS-015,Matched,
CNF-2025-0602,TD-2025-0603,SWIFT MT320,2025-04-22,2025-04-21,TS-020,Matched,
CNF-2025-0603,TD-2025-0604,SWIFT MT320,2025-04-21,2025-04-22,TS-015,Matched,
CNF-2025-0604,TD-2025-0605,SWIFT MT320,2025-04-22,2025-04-21,TS-016,Matched,
CNF-2025-0605,TD-2025-0606,SWIFT MT320,2025-04-21,2025-04-21,TS-016,Matched,
CNF-2025-0606,TD-2025-0607,SWIFT MT300,2025-04-22,2025-04-22,TS-015,Matched,
CNF-2025-0607,TD-2025-0608,SWIFT MT300,2025-04-22,2025-04-22,TS-016,Matched,
CNF-2025-0608,TD-2025-0609,SWIFT MT300,2025-04-22,2025-04-22,TS-016,Matched,
CNF-2025-0609,TD-2025-0610,SWIFT MT300,2025-04-23,2025-04-23,TS-015,Matched,
CNF-2025-0610,TD-2025-0611,SWIFT MT320,2025-04-22,2025-04-23,TS-020,Matched,
CNF-2025-0611,TD-2025-0613,SWIFT MT320,2025-04-22,2025-04-23,TS-015,Matched,
CNF-2025-0612,TD-2025-0614,SWIFT MT300,2025-04-23,2025-04-23,TS-015,Matched,
CNF-2025-0613,TD-2025-0615,SWIFT MT300,2025-04-23,2025-04-23,TS-020,Matched,
CNF-2025-0614,TD-2025-0616,SWIFT MT320,2025-04-23,2025-04-24,TS-015,Matched,
CNF-2025-0615,TD-2025-0617,SWIFT MT300,2025-04-23,2025-04-23,TS-016,Matched,
CNF-2025-0616,TD-2025-0618,SWIFT MT320,2025-04-23,2025-04-23,TS-020,Matched,
CNF-2025-0617,TD-2025-0619,SWIFT MT320,2025-04-25,2025-04-25,TS-015,Matched,
CNF-2025-0618,TD-2025-0620,SWIFT MT300,2025-04-25,2025-04-28,TS-016,Matched,
CNF-2025-0619,TD-2025-0621,SWIFT MT300,2025-04-24,2025-04-24,TS-016,Matched,
CNF-2025-0620,TD-2025-0622,SWIFT MT320,2025-04-25,2025-04-24,TS-020,Matched,
CNF-2025-0621,TD-2025-0623,SWIFT MT300,2025-04-24,2025-04-24,TS-020,Matched,
CNF-2025-0622,TD-2025-0624,SWIFT MT320,2025-04-24,2025-04-24,TS-016,Matched,
CNF-2025-0623,TD-2025-0625,SWIFT MT300,2025-04-25,2025-04-25,TS-020,Matched,
CNF-2025-0624,TD-2025-0626,SWIFT MT300,2025-04-24,2025-04-24,TS-020,Matched,
CNF-2025-0625,TD-2025-0627,SWIFT MT300,2025-04-25,2025-04-28,TS-020,Matched,
CNF-2025-0626,TD-2025-0628,SWIFT MT518,2025-04-25,2025-04-25,TS-020,Matched,
CNF-2025-0627,TD-2025-0629,SWIFT MT320,2025-04-25,2025-04-25,TS-015,Matched,
CNF-2025-0628,TD-2025-0630,SWIFT MT300,2025-04-25,2025-04-25,TS-020,Matched,
CNF-2025-0629,TD-2025-0631,SWIFT MT300,2025-04-25,2025-04-25,TS-015,Matched,
CNF-2025-0630,TD-2025-0632,SWIFT MT320,2025-04-28,2025-04-25,TS-016,Matched,
CNF-2025-0631,TD-2025-0633,SWIFT MT320,2025-04-28,2025-04-28,TS-016,Matched,
CNF-2025-0632,TD-2025-0634,SWIFT MT300,2025-04-28,2025-04-29,TS-015,Matched,
CNF-2025-0633,TD-2025-0635,SWIFT MT300,2025-04-28,2025-04-28,TS-020,Matched,
CNF-2025-0634,TD-2025-0636,SWIFT MT300,2025-04-28,2025-04-29,TS-020,Matched,
CNF-2025-0635,TD-2025-0637,SWIFT MT300,2025-04-28,2025-04-28,TS-015,Matched,
CNF-2025-0636,TD-2025-0638,SWIFT MT300,2025-04-28,2025-04-28,TS-020,Matched,
CNF-2025-0637,TD-2025-0639,SWIFT MT300,2025-04-29,2025-04-29,TS-015,Matched,
CNF-2025-0638,TD-2025-0640,SWIFT MT320,2025-04-28,2025-04-28,TS-015,Matched,
CNF-2025-0639,TD-2025-0641,SWIFT MT300,2025-04-28,2025-04-29,TS-015,Matched,
CNF-2025-0640,TD-2025-0642,SWIFT MT300,2025-04-28,2025-04-29,TS-015,Matched,
CNF-2025-0641,TD-2025-0643,SWIFT MT300,2025-04-29,2025-04-30,TS-020,Matched,
CNF-2025-0642,TD-2025-0644,SWIFT MT320,2025-04-29,2025-04-29,TS-016,Matched,
CNF-2025-0643,TD-2025-0645,SWIFT MT300,2025-04-29,2025-04-29,TS-020,Matched,
CNF-2025-0644,TD-2025-0646,SWIFT MT300,2025-04-29,2025-04-30,TS-015,Matched,
CNF-2025-0645,TD-2025-0647,SWIFT MT300,2025-04-29,2025-04-30,TS-020,Matched,
CNF-2025-0646,TD-2025-0648,SWIFT MT320,2025-04-30,2025-04-30,TS-016,Matched,
CNF-2025-0647,TD-2025-0649,SWIFT MT300,2025-04-30,2025-04-30,TS-015,Matched,
CNF-2025-0648,TD-2025-0650,SWIFT MT320,2025-04-29,2025-04-29,TS-016,Matched,
CNF-2025-0649,TD-2025-0651,SWIFT MT320,2025-04-29,2025-04-30,TS-016,Matched,
CNF-2025-0650,TD-2025-0652,SWIFT MT300,2025-04-29,2025-04-29,TS-016,Matched,
CNF-2025-0651,TD-2025-0653,SWIFT MT300,2025-04-29,2025-04-29,TS-016,Matched,
CNF-2025-0652,TD-2025-0654,SWIFT MT300,2025-04-30,2025-05-02,TS-020,Matched,
CNF-2025-0653,TD-2025-0655,SWIFT MT300,2025-04-29,2025-04-29,TS-020,Matched,
CNF-2025-0654,TD-2025-0656,SWIFT MT300,2025-04-30,2025-04-30,TS-015,Matched,
CNF-2025-0655,TD-2025-0657,SWIFT MT300,2025-04-30,2025-05-02,TS-015,Matched,
CNF-2025-0656,TD-2025-0658,SWIFT MT320,2025-04-30,2025-04-30,TS-020,Matched,
CNF-2025-0657,TD-2025-0659,SWIFT MT320,2025-04-30,2025-04-30,TS-015,Matched,
CNF-2025-0658,TD-2025-0660,SWIFT MT300,2025-04-30,2025-04-30,TS-016,Matched,
CNF-2025-0659,TD-2025-0662,SWIFT MT320,2025-05-02,2025-05-05,TS-016,Matched,
CNF-2025-0660,TD-2025-0663,SWIFT MT300,2025-05-02,2025-05-02,TS-020,Matched,
CNF-2025-0661,TD-2025-0664,SWIFT MT518,2025-05-05,2025-05-05,TS-015,Matched,
CNF-2025-0662,TD-2025-0665,SWIFT MT300,2025-05-02,2025-05-02,TS-016,Matched,
CNF-2025-0663,TD-2025-0666,SWIFT MT300,2025-05-02,2025-05-05,TS-016,Matched,
CNF-2025-0664,TD-2025-0667,SWIFT MT518,2025-05-02,2025-05-02,TS-016,Matched,
CNF-2025-0665,TD-2025-0668,SWIFT MT300,2025-05-02,2025-05-02,TS-016,Matched,
CNF-2025-0666,TD-25-733,SWIFT MT300,2025-05-02,2025-05-02,TS-016,Matched,
CNF-2025-0667,TD-2025-0669,SWIFT MT320,2025-05-05,2025-05-06,TS-020,Matched,
CNF-2025-0668,TD-2025-0670,SWIFT MT300,2025-05-05,2025-05-06,TS-016,Matched,
CNF-2025-0669,TD-2025-0671,SWIFT MT320,2025-05-05,2025-05-06,TS-016,Matched,
CNF-2025-0670,TD-2025-0672,SWIFT MT518,2025-05-05,2025-05-05,TS-016,Matched,
CNF-2025-0671,TD-2025-0673,SWIFT MT300,2025-05-05,2025-05-05,TS-016,Matched,
CNF-2025-0672,TD-2025-0674,SWIFT MT300,2025-05-06,2025-05-06,TS-020,Matched,
CNF-2025-0673,TD-2025-0675,SWIFT MT320,2025-05-06,2025-05-06,TS-016,Matched,
CNF-2025-0674,TD-2025-0676,SWIFT MT320,2025-05-06,2025-05-06,TS-015,Matched,
CNF-2025-0675,TD-2025-0677,SWIFT MT320,2025-05-07,2025-05-06,TS-020,Matched,
CNF-2025-0676,TD-2025-0678,SWIFT MT300,2025-05-07,2025-05-08,TS-015,Matched,
CNF-2025-0677,TD-2025-0679,SWIFT MT320,2025-05-07,2025-05-07,TS-015,Matched,
CNF-2025-0678,TD-2025-0680,SWIFT MT300,2025-05-07,2025-05-07,TS-015,Matched,
CNF-2025-0679,TD-2025-0681,SWIFT MT300,2025-05-08,2025-05-09,TS-015,Matched,
CNF-2025-0680,TD-2025-0682,SWIFT MT320,2025-05-07,2025-05-07,TS-015,Matched,
CNF-2025-0681,TD-2025-0683,SWIFT MT320,2025-05-08,2025-05-07,TS-015,Matched,
CNF-2025-0682,TD-2025-0684,SWIFT MT320,2025-05-07,2025-05-08,TS-015,Matched,
CNF-2025-0683,TD-2025-0685,SWIFT MT320,2025-05-08,2025-05-08,TS-016,Matched,
CNF-2025-0684,TD-2025-0686,SWIFT MT300,2025-05-07,2025-05-07,TS-020,Matched,
CNF-2025-0685,TD-2025-0687,SWIFT MT300,2025-05-07,2025-05-07,TS-015,Matched,
CNF-2025-0686,TD-2025-0688,SWIFT MT300,2025-05-07,2025-05-08,TS-020,Matched,
CNF-2025-0687,TD-2025-0689,SWIFT MT300,2025-05-07,2025-05-08,TS-015,Matched,
CNF-2025-0688,TD-2025-0690,SWIFT MT320,2025-05-08,2025-05-08,TS-020,Matched,
CNF-2025-0689,TD-2025-0691,SWIFT MT300,2025-05-08,2025-05-08,TS-016,Matched,
CNF-2025-0690,TD-2025-0692,SWIFT MT300,2025-05-08,2025-05-08,TS-016,Matched,
CNF-2025-0691,TD-2025-0693,SWIFT MT300,2025-05-08,2025-05-09,TS-016,Matched,
CNF-2025-0692,TD-2025-0694,SWIFT MT300,2025-05-08,2025-05-08,TS-016,Matched,
CNF-2025-0693,TD-2025-0695,SWIFT MT320,2025-05-09,2025-05-08,TS-016,Matched,
CNF-2025-0694,TD-2025-0696,SWIFT MT320,2025-05-08,2025-05-08,TS-016,Matched,
CNF-2025-0695,TD-2025-0697,SWIFT MT300,2025-05-08,2025-05-08,TS-016,Matched,
CNF-2025-0696,TD-2025-0698,SWIFT MT320,2025-05-09,2025-05-09,TS-020,Matched,
CNF-2025-0697,TD-2025-0699,SWIFT MT300,2025-05-09,2025-05-09,TS-020,Matched,
CNF-2025-0698,TD-2025-0700,SWIFT MT300,2025-05-12,2025-05-13,TS-015,Matched,
CNF-2025-0699,TD-2025-0701,SWIFT MT300,2025-05-09,2025-05-09,TS-015,Matched,
CNF-2025-0700,TD-2025-0702,SWIFT MT300,2025-05-09,2025-05-09,TS-020,Matched,
CNF-2025-0701,TD-2025-0703,SWIFT MT320,2025-05-09,2025-05-09,TS-015,Matched,
CNF-2025-0702,TD-2025-0704,SWIFT MT300,2025-05-09,2025-05-09,TS-016,Matched,
CNF-2025-0703,TD-2025-0705,SWIFT MT300,2025-05-12,2025-05-13,TS-020,Matched,
CNF-2025-0704,TD-2025-0706,SWIFT MT320,2025-05-12,2025-05-12,TS-015,Matched,
CNF-2025-0705,TD-2025-0707,SWIFT MT320,2025-05-12,2025-05-12,TS-015,Matched,
CNF-2025-0706,TD-2025-0708,SWIFT MT320,2025-05-12,2025-05-12,TS-016,Matched,
CNF-2025-0707,TD-2025-0709,SWIFT MT300,2025-05-12,2025-05-13,TS-015,Matched,
CNF-2025-0708,TD-2025-0710,SWIFT MT320,2025-05-12,2025-05-12,TS-015,Matched,
CNF-2025-0709,TD-2025-0711,SWIFT MT320,2025-05-12,2025-05-12,TS-015,Matched,
CNF-2025-0710,TD-2025-0712,SWIFT MT320,2025-05-12,2025-05-12,TS-020,Matched,
CNF-2025-0711,TD-2025-0713,SWIFT MT300,2025-05-12,2025-05-12,TS-016,Matched,
CNF-2025-0712,TD-2025-0714,SWIFT MT518,2025-05-13,2025-05-13,TS-020,Matched,
CNF-2025-0713,TD-2025-0715,SWIFT MT300,2025-05-14,2025-05-14,TS-015,Matched,
CNF-2025-0714,TD-2025-0716,SWIFT MT320,2025-05-13,2025-05-14,TS-016,Matched,
CNF-2025-0715,TD-2025-0717,SWIFT MT300,2025-05-13,2025-05-13,TS-016,Matched,
CNF-2025-0716,TD-2025-0718,SWIFT MT518,2025-05-13,2025-05-14,TS-015,Matched,
CNF-2025-0717,TD-2025-0719,SWIFT MT300,2025-05-13,2025-05-13,TS-020,Matched,
CNF-2025-0718,TD-2025-0720,SWIFT MT300,2025-05-13,2025-05-14,TS-016,Matched,
CNF-2025-0719,TD-2025-0721,SWIFT MT320,2025-05-14,2025-05-14,TS-015,Matched,
CNF-2025-0720,TD-2025-0722,SWIFT MT518,2025-05-13,2025-05-14,TS-015,Matched,
CNF-2025-0721,TD-2025-0723,SWIFT MT300,2025-05-13,2025-05-13,TS-015,Matched,
CNF-2025-0722,TD-2025-0724,SWIFT MT300,2025-05-14,2025-05-14,TS-015,Matched,
CNF-2025-0723,TD-2025-0725,SWIFT MT320,2025-05-14,2025-05-14,TS-015,Matched,
CNF-2025-0724,TD-2025-0726,SWIFT MT518,2025-05-15,2025-05-15,TS-020,Matched,
CNF-2025-0725,TD-2025-0727,SWIFT MT300,2025-05-14,2025-05-14,TS-015,Matched,
CNF-2025-0726,TD-2025-0728,SWIFT MT518,2025-05-14,2025-05-14,TS-016,Matched,
CNF-2025-0727,TD-2025-0729,SWIFT MT320,2025-05-14,2025-05-14,TS-016,Matched,
CNF-2025-0728,TD-2025-0730,SWIFT MT300,2025-05-14,2025-05-14,TS-015,Matched,
CNF-2025-0729,TD-2025-0731,SWIFT MT320,2025-05-14,2025-05-15,TS-015,Matched,
CNF-2025-0730,TD-2025-0732,SWIFT MT320,2025-05-14,2025-05-14,TS-016,Matched,
CNF-2025-0731,TD-2025-0733,SWIFT MT300,2025-05-15,2025-05-15,TS-020,Matched,
CNF-2025-0732,TD-2025-0734,SWIFT MT320,2025-05-15,2025-05-15,TS-016,Matched,
CNF-2025-0733,TD-2025-0735,SWIFT MT518,2025-05-14,2025-05-14,TS-016,Matched,
CNF-2025-0734,TD-2025-0736,SWIFT MT300,2025-05-16,2025-05-19,TS-020,Matched,
CNF-2025-0735,TD-2025-0737,SWIFT MT320,2025-05-16,2025-05-15,TS-020,Matched,
CNF-2025-0736,TD-2025-0738,SWIFT MT300,2025-05-15,2025-05-16,TS-015,Matched,
CNF-2025-0737,TD-2025-0739,SWIFT MT300,2025-05-15,2025-05-15,TS-020,Matched,
CNF-2025-0738,TD-2025-0740,SWIFT MT300,2025-05-16,2025-05-19,TS-015,Matched,
CNF-2025-0739,TD-2025-0741,SWIFT MT320,2025-05-15,2025-05-15,TS-016,Matched,
CNF-2025-0740,TD-2025-0742,SWIFT MT320,2025-05-15,2025-05-15,TS-020,Matched,
CNF-2025-0741,TD-2025-0743,SWIFT MT320,2025-05-16,2025-05-15,TS-020,Matched,
CNF-2025-0742,TD-2025-0744,SWIFT MT300,2025-05-15,2025-05-16,TS-016,Matched,
CNF-2025-0743,TD-2025-0745,SWIFT MT300,2025-05-15,2025-05-15,TS-016,Matched,
CNF-2025-0744,TD-2025-0746,SWIFT MT320,2025-05-15,2025-05-16,TS-015,Matched,
CNF-2025-0745,TD-2025-0747,SWIFT MT320,2025-05-19,2025-05-16,TS-015,Matched,
CNF-2025-0746,TD-2025-0748,SWIFT MT300,2025-05-16,2025-05-16,TS-016,Matched,
CNF-2025-0747,TD-2025-0749,SWIFT MT300,2025-05-19,2025-05-19,TS-016,Matched,
CNF-2025-0748,TD-2025-0750,SWIFT MT320,2025-05-16,2025-05-16,TS-016,Matched,
CNF-2025-0749,TD-2025-0751,SWIFT MT518,2025-05-16,2025-05-16,TS-020,Matched,
CNF-2025-0750,TD-2025-0752,SWIFT MT300,2025-05-16,2025-05-19,TS-015,Matched,
CNF-2025-0751,TD-2025-0753,SWIFT MT320,2025-05-19,2025-05-19,TS-015,Matched,
CNF-2025-0752,TD-2025-0754,SWIFT MT320,2025-05-19,2025-05-16,TS-016,Matched,
CNF-2025-0753,TD-2025-0755,SWIFT MT320,2025-05-16,2025-05-16,TS-016,Matched,
CNF-2025-0754,TD-2025-0756,SWIFT MT518,2025-05-16,2025-05-19,TS-020,Matched,
CNF-2025-0755,TD-2025-0757,SWIFT MT300,2025-05-20,2025-05-20,TS-016,Matched,
CNF-2025-0756,TD-2025-0758,SWIFT MT300,2025-05-19,2025-05-19,TS-016,Matched,
CNF-2025-0757,TD-2025-0759,SWIFT MT518,2025-05-19,2025-05-19,TS-016,Matched,
CNF-2025-0758,TD-2025-0760,SWIFT MT320,2025-05-19,2025-05-19,TS-015,Matched,
CNF-2025-0759,TD-2025-0761,SWIFT MT300,2025-05-19,2025-05-20,TS-015,Matched,
CNF-2025-0760,TD-2025-0762,SWIFT MT320,2025-05-19,2025-05-19,TS-015,Matched,
CNF-2025-0761,TD-2025-0763,SWIFT MT300,2025-05-19,2025-05-20,TS-020,Matched,
CNF-2025-0762,TD-2025-0764,SWIFT MT300,2025-05-20,2025-05-21,TS-016,Matched,
CNF-2025-0763,TD-2025-0765,SWIFT MT300,2025-05-20,2025-05-20,TS-016,Matched,
CNF-2025-0764,TD-2025-0766,SWIFT MT300,2025-05-20,2025-05-21,TS-015,Matched,
CNF-2025-0765,TD-2025-0767,SWIFT MT320,2025-05-20,2025-05-20,TS-020,Matched,
CNF-2025-0766,TD-2025-0768,SWIFT MT518,2025-05-20,2025-05-20,TS-015,Matched,
CNF-2025-0767,TD-2025-0769,SWIFT MT320,2025-05-20,2025-05-20,TS-020,Matched,
CNF-2025-0768,TD-2025-0770,SWIFT MT320,2025-05-20,2025-05-20,TS-015,Matched,
CNF-2025-0769,TD-2025-0771,SWIFT MT300,2025-05-20,2025-05-21,TS-020,Matched,
CNF-2025-0770,TD-2025-0772,SWIFT MT320,2025-05-20,2025-05-20,TS-020,Matched,
CNF-2025-0771,TD-2025-0773,SWIFT MT300,2025-05-21,2025-05-21,TS-015,Matched,
CNF-2025-0772,TD-2025-0774,SWIFT MT300,2025-05-22,2025-05-22,TS-020,Matched,
CNF-2025-0773,TD-2025-0775,SWIFT MT300,2025-05-21,2025-05-22,TS-016,Matched,
CNF-2025-0774,TD-2025-0776,SWIFT MT300,2025-05-21,2025-05-22,TS-015,Matched,
CNF-2025-0775,TD-2025-0777,SWIFT MT300,2025-05-22,2025-05-23,TS-015,Matched,
CNF-2025-0776,TD-2025-0778,SWIFT MT320,2025-05-22,2025-05-22,TS-016,Matched,
CNF-2025-0777,TD-2025-0779,SWIFT MT320,2025-05-22,2025-05-22,TS-020,Matched,
CNF-2025-0778,TD-2025-0780,SWIFT MT320,2025-05-22,2025-05-22,TS-020,Matched,
CNF-2025-0779,TD-2025-0781,SWIFT MT320,2025-05-22,2025-05-22,TS-015,Matched,
CNF-2025-0780,TD-2025-0782,SWIFT MT300,2025-05-22,2025-05-22,TS-015,Matched,
CNF-2025-0781,TD-2025-0783,SWIFT MT320,2025-05-22,2025-05-23,TS-020,Matched,
CNF-2025-0782,TD-2025-0784,SWIFT MT300,2025-05-22,2025-05-22,TS-016,Matched,
CNF-2025-0783,TD-2025-0785,SWIFT MT300,2025-05-22,2025-05-22,TS-015,Matched,
CNF-2025-0784,TD-2025-0786,SWIFT MT300,2025-05-23,2025-05-23,TS-016,Matched,
CNF-2025-0785,TD-2025-0787,SWIFT MT320,2025-05-22,2025-05-22,TS-020,Matched,
CNF-2025-0786,TD-2025-0788,SWIFT MT300,2025-05-23,2025-05-23,TS-020,Matched,
CNF-2025-0787,TD-2025-0789,SWIFT MT320,2025-05-23,2025-05-23,TS-020,Matched,
CNF-2025-0788,TD-2025-0790,SWIFT MT300,2025-05-26,2025-05-26,TS-020,Matched,
CNF-2025-0789,TD-2025-0791,SWIFT MT300,2025-05-23,2025-05-23,TS-020,Matched,
CNF-2025-0790,TD-2025-0792,SWIFT MT320,2025-05-23,2025-05-23,TS-020,Matched,
CNF-2025-0791,TD-2025-0793,SWIFT MT320,2025-05-23,2025-05-26,TS-020,Matched,
CNF-2025-0792,TD-2025-0794,SWIFT MT300,2025-05-23,2025-05-23,TS-015,Matched,
CNF-2025-0793,TD-2025-0795,SWIFT MT300,2025-05-27,2025-05-28,TS-016,Matched,
CNF-2025-0794,TD-2025-0796,SWIFT MT320,2025-05-26,2025-05-26,TS-015,Matched,
CNF-2025-0795,TD-2025-0797,SWIFT MT300,2025-05-26,2025-05-26,TS-020,Matched,
CNF-2025-0796,TD-2025-0798,SWIFT MT320,2025-05-26,2025-05-26,TS-020,Matched,
CNF-2025-0797,TD-2025-0799,SWIFT MT300,2025-05-27,2025-05-28,TS-016,Matched,
CNF-2025-0798,TD-2025-0800,SWIFT MT320,2025-05-28,2025-05-28,TS-020,Matched,
CNF-2025-0799,TD-2025-0801,SWIFT MT300,2025-05-27,2025-05-27,TS-020,Matched,
CNF-2025-0800,TD-2025-0802,SWIFT MT320,2025-05-28,2025-05-28,TS-020,Matched,
CNF-2025-0801,TD-2025-0803,SWIFT MT300,2025-05-27,2025-05-28,TS-016,Matched,
CNF-2025-0802,TD-2025-0804,SWIFT MT300,2025-05-27,2025-05-27,TS-016,Matched,
CNF-2025-0803,TD-2025-0805,SWIFT MT300,2025-05-28,2025-05-29,TS-020,Matched,
CNF-2025-0804,TD-2025-0806,SWIFT MT300,2025-05-28,2025-05-29,TS-016,Matched,
CNF-2025-0805,TD-2025-0807,SWIFT MT300,2025-05-28,2025-05-28,TS-016,Matched,
CNF-2025-0806,TD-2025-0808,SWIFT MT300,2025-05-28,2025-05-29,TS-016,Matched,
CNF-2025-0807,TD-2025-0809,SWIFT MT300,2025-05-28,2025-05-28,TS-020,Matched,
CNF-2025-0808,TD-2025-0810,SWIFT MT320,2025-05-28,2025-05-29,TS-015,Matched,
CNF-2025-0809,TD-2025-0811,SWIFT MT320,2025-05-28,2025-05-28,TS-016,Matched,
CNF-2025-0810,TD-2025-0812,SWIFT MT300,2025-05-29,2025-05-29,TS-015,Matched,
CNF-2025-0811,TD-2025-0813,SWIFT MT300,2025-05-28,2025-05-28,TS-015,Matched,
CNF-2025-0812,TD-2025-0814,SWIFT MT300,2025-05-28,2025-05-29,TS-020,Matched,
CNF-2025-0813,TD-2025-0815,SWIFT MT320,2025-05-29,2025-05-28,TS-020,Matched,
CNF-2025-0814,TD-2025-0816,SWIFT MT300,2025-05-29,2025-05-30,TS-015,Matched,
CNF-2025-0815,TD-2025-0817,SWIFT MT300,2025-05-29,2025-05-30,TS-016,Matched,
CNF-2025-0816,TD-2025-0818,SWIFT MT300,2025-05-29,2025-05-29,TS-015,Matched,
CNF-2025-0817,TD-2025-0819,SWIFT MT320,2025-05-29,2025-05-30,TS-016,Matched,
CNF-2025-0818,TD-2025-0820,SWIFT MT300,2025-05-29,2025-05-29,TS-020,Matched,
CNF-2025-0819,TD-2025-0821,SWIFT MT320,2025-05-29,2025-05-29,TS-016,Matched,
CNF-2025-0820,TD-2025-0822,SWIFT MT300,2025-05-29,2025-05-29,TS-016,Matched,
CNF-2025-0821,TD-2025-0823,SWIFT MT300,2025-05-29,2025-05-30,TS-016,Matched,
CNF-2025-0822,TD-2025-0824,SWIFT MT300,2025-05-29,2025-05-30,TS-016,Matched,
CNF-2025-0823,TD-2025-0825,SWIFT MT320,2025-05-30,2025-05-30,TS-015,Matched,
CNF-2025-0824,TD-2025-0826,SWIFT MT300,2025-05-30,2025-05-30,TS-015,Matched,
CNF-2025-0825,TD-2025-0827,SWIFT MT300,2025-05-30,2025-06-02,TS-020,Matched,
CNF-2025-0826,TD-2025-0828,SWIFT MT300,2025-05-30,2025-05-30,TS-015,Matched,
CNF-2025-0827,TD-2025-0829,SWIFT MT320,2025-05-30,2025-06-02,TS-016,Matched,
CNF-2025-0828,TD-2025-0830,SWIFT MT320,2025-05-30,2025-05-30,TS-016,Matched,
CNF-2025-0829,TD-2025-0831,SWIFT MT300,2025-05-30,2025-06-02,TS-016,Matched,
CNF-2025-0830,TD-2025-0832,SWIFT MT300,2025-05-30,2025-05-30,TS-016,Matched,
CNF-2025-0831,TD-2025-0833,SWIFT MT518,2025-06-02,2025-06-03,TS-015,Matched,
CNF-2025-0832,TD-2025-0834,SWIFT MT320,2025-06-02,2025-06-02,TS-020,Matched,
CNF-2025-0833,TD-2025-0835,SWIFT MT518,2025-06-02,2025-06-03,TS-016,Matched,
CNF-2025-0834,TD-2025-0836,SWIFT MT300,2025-06-02,2025-06-02,TS-016,Matched,
CNF-2025-0835,TD-2025-0837,SWIFT MT320,2025-06-02,2025-06-02,TS-020,Matched,
CNF-2025-0836,TD-2025-0838,SWIFT MT300,2025-06-02,2025-06-03,TS-015,Matched,
CNF-2025-0837,TD-2025-0839,SWIFT MT300,2025-06-02,2025-06-02,TS-015,Matched,
CNF-2025-0838,TD-2025-0840,SWIFT MT320,2025-06-02,2025-06-03,TS-016,Matched,
CNF-2025-0839,TD-2025-0841,SWIFT MT300,2025-06-02,2025-06-02,TS-015,Matched,
CNF-2025-0840,TD-2025-0842,SWIFT MT518,2025-06-02,2025-06-03,TS-016,Matched,
CNF-2025-0841,TD-2025-0843,SWIFT MT300,2025-06-02,2025-06-02,TS-020,Matched,
CNF-2025-0842,TD-2025-0844,SWIFT MT320,2025-06-02,2025-06-02,TS-016,Matched,
CNF-2025-0843,TD-2025-0845,SWIFT MT300,2025-06-02,2025-06-02,TS-020,Matched,
CNF-2025-0844,TD-2025-0846,SWIFT MT300,2025-06-02,2025-06-03,TS-020,Matched,
CNF-2025-0845,TD-2025-0847,SWIFT MT320,2025-06-02,2025-06-03,TS-015,Matched,
CNF-2025-0846,TD-2025-0848,SWIFT MT518,2025-06-02,2025-06-02,TS-020,Matched,
CNF-2025-0847,TD-2025-0849,SWIFT MT320,2025-06-02,2025-06-02,TS-020,Matched,
CNF-2025-0848,TD-2025-0850,SWIFT MT320,2025-06-03,2025-06-03,TS-015,Matched,
CNF-2025-0849,TD-2025-0851,SWIFT MT300,2025-06-03,2025-06-03,TS-020,Matched,
CNF-2025-0850,TD-2025-0852,SWIFT MT300,2025-06-04,2025-06-05,TS-020,Matched,
CNF-2025-0851,TD-2025-0853,SWIFT MT300,2025-06-03,2025-06-04,TS-015,Matched,
CNF-2025-0852,TD-2025-0854,SWIFT MT300,2025-06-03,2025-06-03,TS-020,Matched,
CNF-2025-0853,TD-2025-0855,SWIFT MT518,2025-06-04,2025-06-04,TS-020,Matched,
CNF-2025-0854,TD-2025-0856,SWIFT MT300,2025-06-04,2025-06-04,TS-015,Matched,
CNF-2025-0855,TD-2025-0857,SWIFT MT320,2025-06-03,2025-06-03,TS-016,Matched,
CNF-2025-0856,TD-2025-0858,SWIFT MT300,2025-06-03,2025-06-04,TS-015,Matched,
CNF-2025-0857,TD-2025-0859,SWIFT MT518,2025-06-03,2025-06-03,TS-020,Matched,
CNF-2025-0858,TD-2025-0860,SWIFT MT320,2025-06-04,2025-06-04,TS-020,Matched,
CNF-2025-0859,TD-2025-0861,SWIFT MT300,2025-06-03,2025-06-04,TS-015,Matched,
CNF-2025-0860,TD-2025-0862,SWIFT MT300,2025-06-04,2025-06-05,TS-016,Matched,
CNF-2025-0861,TD-2025-0863,SWIFT MT320,2025-06-04,2025-06-04,TS-015,Matched,
CNF-2025-0862,TD-2025-0864,SWIFT MT300,2025-06-04,2025-06-05,TS-016,Matched,
CNF-2025-0863,TD-2025-0865,SWIFT MT300,2025-06-04,2025-06-04,TS-015,Matched,
CNF-2025-0864,TD-2025-0866,SWIFT MT300,2025-06-05,2025-06-05,TS-016,Matched,
CNF-2025-0865,TD-2025-0867,SWIFT MT300,2025-06-04,2025-06-04,TS-020,Matched,
CNF-2025-0866,TD-2025-0868,SWIFT MT320,2025-06-04,2025-06-05,TS-015,Matched,
CNF-2025-0867,TD-2025-0869,SWIFT MT320,2025-06-05,2025-06-11,TS-020,Matched,
CNF-2025-0868,TD-2025-0870,SWIFT MT300,2025-06-05,2025-06-05,TS-016,Matched,
CNF-2025-0869,TD-2025-0871,SWIFT MT300,2025-06-05,2025-06-05,TS-016,Matched,
CNF-2025-0870,TD-2025-0872,SWIFT MT300,2025-06-05,2025-06-11,TS-016,Matched,
CNF-2025-0871,TD-2025-0873,SWIFT MT518,2025-06-11,2025-06-12,TS-015,Matched,
CNF-2025-0872,TD-2025-0874,SWIFT MT320,2025-06-11,2025-06-12,TS-015,Matched,
CNF-2025-0873,TD-2025-0875,SWIFT MT300,2025-06-11,2025-06-11,TS-015,Matched,
CNF-2025-0874,TD-2025-0876,SWIFT MT300,2025-06-11,2025-06-11,TS-020,Matched,
CNF-2025-0875,TD-2025-0877,SWIFT MT300,2025-06-11,2025-06-11,TS-015,Matched,
CNF-2025-0876,TD-2025-0878,SWIFT MT320,2025-06-11,2025-06-11,TS-015,Matched,
CNF-2025-0877,TD-2025-0879,SWIFT MT300,2025-06-12,2025-06-13,TS-016,Matched,
CNF-2025-0878,TD-2025-0880,SWIFT MT300,2025-06-11,2025-06-12,TS-016,Matched,
CNF-2025-0879,TD-2025-0881,SWIFT MT518,2025-06-11,2025-06-12,TS-015,Matched,
CNF-2025-0880,TD-2025-0882,SWIFT MT320,2025-06-11,2025-06-11,TS-020,Matched,
CNF-2025-0881,TD-2025-0883,SWIFT MT300,2025-06-11,2025-06-11,TS-015,Matched,
CNF-2025-0882,TD-2025-0885,SWIFT MT300,2025-06-11,2025-06-11,TS-016,Matched,
CNF-2025-0883,TD-2025-0886,SWIFT MT518,2025-06-12,2025-06-12,TS-016,Matched,
CNF-2025-0884,TD-2025-0887,SWIFT MT518,2025-06-12,2025-06-13,TS-015,Matched,
CNF-2025-0885,TD-2025-0888,SWIFT MT300,2025-06-12,2025-06-13,TS-015,Matched,
CNF-2025-0886,TD-2025-0889,SWIFT MT300,2025-06-12,2025-06-12,TS-016,Matched,
CNF-2025-0887,TD-2025-0890,SWIFT MT300,2025-06-12,2025-06-13,TS-020,Matched,
CNF-2025-0888,TD-2025-0891,SWIFT MT300,2025-06-12,2025-06-13,TS-015,Matched,
CNF-2025-0889,TD-2025-0892,SWIFT MT320,2025-06-12,2025-06-12,TS-020,Matched,
CNF-2025-0890,TD-2025-0893,SWIFT MT300,2025-06-13,2025-06-16,TS-020,Matched,
CNF-2025-0891,TD-2025-0894,SWIFT MT300,2025-06-13,2025-06-13,TS-015,Matched,
CNF-2025-0892,TD-2025-0895,SWIFT MT518,2025-06-13,2025-06-13,TS-020,Matched,
CNF-2025-0893,TD-2025-0896,SWIFT MT300,2025-06-13,2025-06-13,TS-015,Matched,
CNF-2025-0894,TD-2025-0897,SWIFT MT300,2025-06-13,2025-06-13,TS-016,Matched,
CNF-2025-0895,TD-2025-0898,SWIFT MT320,2025-06-13,2025-06-13,TS-016,Matched,
CNF-2025-0896,TD-2025-0899,SWIFT MT320,2025-06-13,2025-06-13,TS-015,Matched,
CNF-2025-0897,TD-2025-0900,SWIFT MT300,2025-06-16,2025-06-16,TS-020,Matched,
CNF-2025-0898,TD-2025-0901,SWIFT MT300,2025-06-16,2025-06-17,TS-016,Matched,
CNF-2025-0899,TD-2025-0902,SWIFT MT300,2025-06-13,2025-06-16,TS-015,Matched,
CNF-2025-0900,TD-2025-0903,SWIFT MT320,2025-06-13,2025-06-13,TS-015,Matched,
CNF-2025-0901,TD-2025-0904,SWIFT MT518,2025-06-16,2025-06-16,TS-020,Matched,
CNF-2025-0902,TD-2025-0905,SWIFT MT300,2025-06-17,2025-06-17,TS-016,Matched,
CNF-2025-0903,TD-2025-0906,SWIFT MT320,2025-06-17,2025-06-17,TS-015,Matched,
CNF-2025-0904,TD-2025-0907,SWIFT MT300,2025-06-16,2025-06-16,TS-020,Matched,
CNF-2025-0905,TD-2025-0908,SWIFT MT518,2025-06-16,2025-06-16,TS-016,Matched,
CNF-2025-0906,TD-2025-0909,SWIFT MT320,2025-06-16,2025-06-16,TS-015,Matched,
CNF-2025-0907,TD-2025-0910,SWIFT MT320,2025-06-16,2025-06-16,TS-020,Matched,
CNF-2025-0908,TD-2025-0911,SWIFT MT320,2025-06-16,2025-06-16,TS-016,Matched,
CNF-2025-0909,TD-2025-0912,SWIFT MT320,2025-06-16,2025-06-16,TS-015,Matched,
CNF-2025-0910,TD-2025-0913,SWIFT MT300,2025-06-16,2025-06-16,TS-015,Matched,
CNF-2025-0911,TD-2025-0914,SWIFT MT300,2025-06-16,2025-06-17,TS-015,Matched,
CNF-2025-0912,TD-2025-0915,SWIFT MT300,2025-06-17,2025-06-17,TS-020,Matched,
CNF-2025-0913,TD-2025-0916,SWIFT MT300,2025-06-17,2025-06-18,TS-015,Matched,
CNF-2025-0914,TD-2025-0917,SWIFT MT518,2025-06-17,2025-06-18,TS-016,Matched,
CNF-2025-0915,TD-2025-0918,SWIFT MT320,2025-06-17,2025-06-17,TS-020,Matched,
CNF-2025-0916,TD-2025-0919,SWIFT MT320,2025-06-17,2025-06-17,TS-015,Matched,
CNF-2025-0917,TD-2025-0920,SWIFT MT320,2025-06-17,2025-06-17,TS-020,Matched,
CNF-2025-0918,TD-2025-0921,SWIFT MT300,2025-06-17,2025-06-18,TS-020,Matched,
CNF-2025-0919,TD-2025-0922,SWIFT MT320,2025-06-19,2025-06-18,TS-015,Matched,
CNF-2025-0920,TD-2025-0923,SWIFT MT320,2025-06-18,2025-06-19,TS-016,Matched,
CNF-2025-0921,TD-2025-0924,SWIFT MT300,2025-06-18,2025-06-18,TS-015,Matched,
CNF-2025-0922,TD-2025-0925,SWIFT MT300,2025-06-19,2025-06-19,TS-020,Matched,
CNF-2025-0923,TD-2025-0926,SWIFT MT300,2025-06-18,2025-06-18,TS-016,Matched,
CNF-2025-0924,TD-2025-0927,SWIFT MT300,2025-06-19,2025-06-20,TS-020,Matched,
CNF-2025-0925,TD-2025-0928,SWIFT MT320,2025-06-18,2025-06-18,TS-015,Matched,
CNF-2025-0926,TD-2025-0929,SWIFT MT300,2025-06-19,2025-06-20,TS-016,Matched,
CNF-2025-0927,TD-2025-0930,SWIFT MT300,2025-06-19,2025-06-20,TS-015,Matched,
CNF-2025-0928,TD-2025-0931,SWIFT MT320,2025-06-19,2025-06-19,TS-020,Matched,
CNF-2025-0929,TD-2025-0932,SWIFT MT300,2025-06-19,2025-06-19,TS-015,Matched,
CNF-2025-0930,TD-2025-0933,SWIFT MT300,2025-06-19,2025-06-19,TS-020,Matched,
CNF-2025-0931,TD-2025-0934,SWIFT MT518,2025-06-19,2025-06-20,TS-020,Matched,
CNF-2025-0932,TD-2025-0935,SWIFT MT320,2025-06-20,2025-06-19,TS-016,Matched,
CNF-2025-0933,TD-2025-0936,SWIFT MT320,2025-06-20,2025-06-20,TS-020,Matched,
CNF-2025-0934,TD-2025-0937,SWIFT MT320,2025-06-19,2025-06-19,TS-015,Matched,
CNF-2025-0935,TD-2025-0938,SWIFT MT320,2025-06-20,2025-06-19,TS-016,Matched,
CNF-2025-0936,TD-2025-0939,SWIFT MT300,2025-06-23,2025-06-24,TS-015,Matched,
CNF-2025-0937,TD-2025-0940,SWIFT MT320,2025-06-20,2025-06-20,TS-020,Matched,
CNF-2025-0938,TD-2025-0941,SWIFT MT300,2025-06-20,2025-06-23,TS-015,Matched,
CNF-2025-0939,TD-2025-0942,SWIFT MT518,2025-06-20,2025-06-23,TS-016,Matched,
CNF-2025-0940,TD-2025-0943,SWIFT MT300,2025-06-20,2025-06-20,TS-016,Matched,
CNF-2025-0941,TD-2025-0944,SWIFT MT300,2025-06-20,2025-06-23,TS-015,Matched,
CNF-2025-0942,TD-2025-0945,SWIFT MT518,2025-06-20,2025-06-23,TS-020,Matched,
CNF-2025-0943,TD-2025-0946,SWIFT MT300,2025-06-23,2025-06-24,TS-016,Matched,
CNF-2025-0944,TD-2025-0947,SWIFT MT320,2025-06-20,2025-06-20,TS-020,Matched,
CNF-2025-0945,TD-2025-0948,SWIFT MT300,2025-06-20,2025-06-20,TS-020,Matched,
CNF-2025-0946,TD-2025-0949,SWIFT MT300,2025-06-23,2025-06-24,TS-016,Matched,
CNF-2025-0947,TD-2025-0950,SWIFT MT300,2025-06-23,2025-06-24,TS-016,Matched,
CNF-2025-0948,TD-2025-0951,SWIFT MT300,2025-06-24,2025-06-24,TS-016,Matched,
CNF-2025-0949,TD-2025-0952,SWIFT MT320,2025-06-23,2025-06-24,TS-020,Matched,
CNF-2025-0950,TD-2025-0953,SWIFT MT300,2025-06-23,2025-06-23,TS-020,Matched,
CNF-2025-0951,TD-2025-0954,SWIFT MT320,2025-06-23,2025-06-23,TS-016,Matched,
CNF-2025-0952,TD-2025-0955,SWIFT MT518,2025-06-24,2025-06-24,TS-015,Matched,
CNF-2025-0953,TD-2025-0956,SWIFT MT320,2025-06-24,2025-06-24,TS-015,Matched,
CNF-2025-0954,TD-2025-0957,SWIFT MT300,2025-06-24,2025-06-24,TS-020,Matched,
CNF-2025-0955,TD-2025-0958,SWIFT MT300,2025-06-24,2025-06-24,TS-020,Matched,
CNF-2025-0956,TD-2025-0959,SWIFT MT320,2025-06-24,2025-06-24,TS-015,Matched,
CNF-2025-0957,TD-2025-0960,SWIFT MT300,2025-06-24,2025-06-24,TS-015,Matched,
CNF-2025-0958,TD-2025-0961,SWIFT MT320,2025-06-24,2025-06-24,TS-015,Matched,
CNF-2025-0959,TD-2025-0962,SWIFT MT320,2025-06-25,2025-06-24,TS-016,Matched,
CNF-2025-0960,TD-2025-0963,SWIFT MT320,2025-06-24,2025-06-25,TS-015,Matched,
CNF-2025-0961,TD-2025-0964,SWIFT MT320,2025-06-24,2025-06-24,TS-015,Matched,
CNF-2025-0962,TD-2025-0965,SWIFT MT518,2025-06-24,2025-06-25,TS-015,Matched,
CNF-2025-0963,TD-2025-0966,SWIFT MT320,2025-06-24,2025-06-24,TS-015,Matched,
CNF-2025-0964,TD-2025-0967,SWIFT MT300,2025-06-24,2025-06-25,TS-020,Matched,
CNF-2025-0965,TD-2025-0968,SWIFT MT300,2025-06-24,2025-06-24,TS-020,Matched,
CNF-2025-0966,TD-2025-0969,SWIFT MT320,2025-06-24,2025-06-24,TS-016,Matched,
CNF-2025-0967,TD-2025-0970,SWIFT MT320,2025-06-24,2025-06-24,TS-020,Matched,
CNF-2025-0968,TD-2025-0971,SWIFT MT300,2025-06-24,2025-06-24,TS-020,Matched,
CNF-2025-0969,TD-2025-0972,SWIFT MT320,2025-06-24,2025-06-24,TS-015,Matched,
CNF-2025-0970,TD-2025-0973,SWIFT MT300,2025-06-25,2025-06-26,TS-015,Matched,
CNF-2025-0971,TD-2025-0974,SWIFT MT320,2025-06-25,2025-06-25,TS-016,Matched,
CNF-2025-0972,TD-2025-0975,SWIFT MT320,2025-06-25,2025-06-25,TS-020,Matched,
CNF-2025-0973,TD-2025-0976,SWIFT MT300,2025-06-26,2025-06-26,TS-015,Matched,
CNF-2025-0974,TD-2025-0977,SWIFT MT300,2025-06-25,2025-06-26,TS-015,Matched,
CNF-2025-0975,TD-2025-0978,SWIFT MT300,2025-06-25,2025-06-25,TS-016,Matched,
CNF-2025-0976,TD-2025-0979,SWIFT MT300,2025-06-25,2025-06-25,TS-020,Matched,
CNF-2025-0977,TD-2025-0980,SWIFT MT320,2025-06-25,2025-06-25,TS-016,Matched,
CNF-2025-0978,TD-2025-0981,SWIFT MT320,2025-06-25,2025-06-25,TS-015,Matched,
CNF-2025-0979,TD-2025-0982,SWIFT MT300,2025-06-25,2025-06-25,TS-020,Matched,
CNF-2025-0980,TD-2025-0983,SWIFT MT320,2025-06-27,2025-06-27,TS-016,Matched,
CNF-2025-0981,TD-2025-0984,SWIFT MT300,2025-06-26,2025-06-27,TS-016,Matched,
CNF-2025-0982,TD-2025-0985,SWIFT MT300,2025-06-26,2025-06-27,TS-015,Matched,
CNF-2025-0983,TD-2025-0986,SWIFT MT300,2025-06-26,2025-06-27,TS-020,Matched,
CNF-2025-0984,TD-2025-0987,SWIFT MT320,2025-06-27,2025-06-27,TS-020,Matched,
CNF-2025-0985,TD-2025-0988,SWIFT MT518,2025-06-27,2025-06-27,TS-020,Matched,
CNF-2025-0986,TD-2025-0989,SWIFT MT320,2025-06-27,2025-06-30,TS-015,Matched,
CNF-2025-0987,TD-2025-0990,SWIFT MT320,2025-06-27,2025-06-27,TS-015,Matched,
CNF-2025-0988,TD-2025-0991,SWIFT MT300,2025-06-30,2025-06-30,TS-016,Matched,
CNF-2025-0989,TD-2025-0992,SWIFT MT300,2025-06-27,2025-06-30,TS-015,Matched,
CNF-2025-0990,TD-2025-0993,SWIFT MT320,2025-06-27,2025-06-27,TS-020,Matched,
CNF-2025-0991,TD-2025-0994,SWIFT MT300,2025-06-27,2025-06-30,TS-016,Matched,
CNF-2025-0992,TD-2025-0995,SWIFT MT320,2025-06-30,2025-06-30,TS-015,Matched,
CNF-2025-0993,TD-2025-0996,SWIFT MT300,2025-06-30,2025-06-30,TS-016,Matched,
CNF-2025-0994,TD-2025-0997,SWIFT MT300,2025-06-30,2025-06-30,TS-015,Matched,
CNF-2025-0995,TD-2025-0998,SWIFT MT320,2025-06-30,2025-06-30,TS-015,Matched,
CNF-2025-0996,TD-2025-0999,SWIFT MT320,2025-06-30,2025-06-30,TS-020,Matched,
CNF-2025-0997,TD-2025-1000,SWIFT MT320,2025-06-30,2025-06-30,TS-015,Matched,
CNF-2025-0998,TD-2025-1001,SWIFT MT300,2025-06-30,2025-06-30,TS-016,Matched,
CNF-2025-0999,TD-2025-1002,SWIFT MT518,2025-06-30,2025-06-30,TS-015,Matched,
CNF-2025-1000,TD-2025-1003,SWIFT MT300,2025-06-30,2025-07-01,TS-016,Matched,
